cobraId,dotTargetFraction,calibrated,dotEdgeFraction,entryEdgeSeen,runSpread
1,0.4207,True,,False,0.0638
2,0.5211,True,0.1235,True,0.0146
3,0.445,False,,False,
4,0.5936,True,,False,0.0028
5,0.4988,True,0.1317,True,0.0388
6,0.4079,True,0.0808,True,0.0252
7,0.445,False,,False,
8,0.5073,True,0.137,True,0.0185
9,0.3434,True,0.0515,True,0.0159
10,0.4937,True,,False,0.0269
11,0.4611,True,,False,0.0429
12,0.4488,True,0.1084,True,0.0124
13,0.3803,True,,False,0.0309
14,0.4613,True,,False,0.0353
15,0.4678,True,,False,0.025
16,0.5493,True,,False,0.0049
17,0.4398,True,,False,0.0014
18,0.4843,True,0.1328,True,0.0489
19,0.6663,True,0.1489,True,0.019
20,0.7215,True,,False,0.0643
21,0.6745,True,0.1128,True,0.0032
22,0.5626,True,,False,0.0035
23,0.5545,True,,False,0.0068
24,0.445,False,,False,
25,0.4147,True,0.1159,True,0.0183
26,0.6215,True,,False,0.0002
27,0.5892,True,0.1182,True,0.0093
28,0.3927,True,,False,0.0486
29,0.7117,True,,False,0.0356
30,0.445,False,,False,
31,0.561,True,0.0602,True,0.0199
32,0.4048,True,0.0388,True,0.0202
33,0.3982,True,,False,0.0428
34,0.4432,True,,False,0.0052
35,0.5285,True,,False,0.0089
36,0.5206,True,,False,0.0033
37,0.5041,True,,False,0.0152
38,0.5335,True,0.1923,True,0.0027
39,0.4322,True,,False,0.0327
40,0.6831,True,0.1388,True,0.0601
41,0.445,False,,False,
42,0.3525,True,,False,0.0296
43,0.5033,True,,False,0.0038
44,0.445,False,,False,
45,0.5092,True,,False,0.0319
46,0.378,True,,False,0.0297
47,0.445,False,,False,
48,0.531,True,,False,0.0363
49,0.445,False,,False,
50,0.445,False,,False,
51,0.5049,True,0.1791,True,0.0214
52,0.4641,True,,False,0.0198
53,0.3944,True,,False,0.0271
54,0.5335,True,,False,0.0663
55,0.4812,True,,False,0.0283
56,0.6013,True,,False,0.0037
57,0.4826,True,,False,0.0225
58,0.5615,True,,False,0.0127
59,0.7147,True,,False,0.0217
60,0.5505,True,,False,0.0313
61,0.4409,True,,False,0.0443
62,0.7289,True,,False,0.0045
63,0.4714,True,,False,0.0293
64,0.368,True,0.0793,True,0.0149
65,0.6229,True,,False,0.0027
66,0.2955,True,,False,0.0115
67,0.5354,True,,False,0.0065
68,0.3435,True,,False,0.0107
69,0.528,True,,False,0.026
70,0.6799,True,0.1843,True,0.0086
71,0.5891,True,,False,0.0413
72,0.4141,True,0.103,True,0.0023
73,0.6278,True,,False,0.0116
74,0.5178,True,,False,0.021
75,0.6045,True,,False,0.019
76,0.3573,True,0.0448,True,0.0168
77,0.4602,True,0.1023,True,0.022
78,0.5215,True,,False,0.0103
79,0.6059,True,,False,0.0066
80,0.6194,True,0.1223,True,0.0293
81,0.5584,True,,False,0.0247
82,0.3404,True,,False,0.0698
83,0.5867,True,,False,0.0572
84,0.4553,True,0.1241,True,0.0224
85,0.6067,True,0.1336,True,0.0022
86,0.6951,True,,False,0.0335
87,0.4036,True,,False,0.0551
88,0.445,False,,False,
89,0.4982,True,,False,0.0207
90,0.4353,True,,False,0.0333
91,0.4632,True,0.126,True,0.0254
92,0.5812,True,,False,0.0115
93,0.6217,True,0.2455,True,0.006
94,0.524,True,,False,0.0142
95,0.5947,True,0.117,True,0.0188
96,0.56,True,,False,0.0577
97,0.4816,True,,False,0.0062
98,0.4242,True,,False,0.0138
99,0.5282,True,,False,0.0281
100,0.2621,True,,False,0.0192
101,0.3113,True,,False,0.0426
102,0.364,True,,False,0.0339
103,0.445,False,,False,
104,0.5857,True,,False,0.0052
105,0.4788,True,0.0888,True,0.0594
106,0.5477,True,,False,0.0102
107,0.5282,True,,False,0.0141
108,0.2793,True,,False,0.0465
109,0.5113,True,,False,0.0072
110,0.374,True,,False,0.0504
111,0.3745,True,,False,0.0413
112,0.5423,True,0.0748,True,0.0334
113,0.4036,True,,False,0.0019
114,0.5748,True,,False,0.0383
115,0.445,False,,False,
116,0.5918,True,0.1654,True,0.0497
117,0.3932,True,0.1023,True,0.001
118,0.5906,True,,False,0.0214
119,0.6035,True,,False,0.0399
120,0.4404,True,0.1103,True,0.0172
121,0.3752,True,,False,0.0257
122,0.4379,True,0.1681,True,0.0072
123,0.4764,True,,False,0.0137
124,0.4908,True,,False,0.0037
125,0.445,False,,False,
126,0.3793,True,0.0886,True,0.0098
127,0.3133,True,,False,0.0077
128,0.3316,True,0.072,True,0.005
129,0.445,False,,False,
130,0.5598,True,,False,0.0277
131,0.3182,True,-0.0113,True,0.0169
132,0.3995,True,,False,0.049
133,0.5223,True,0.1025,True,0.0709
134,0.6123,True,,False,0.0097
135,0.5262,True,,False,0.0132
136,0.4917,True,,False,0.0508
137,0.4876,True,,False,0.0055
138,0.6188,True,,False,0.0206
139,0.4378,True,,False,0.0231
140,0.5723,True,0.2114,True,0.0167
141,0.2869,True,,False,0.0146
142,0.5767,True,0.152,True,0.0288
143,0.5543,True,,False,0.0224
144,0.5507,True,,False,0.0419
145,0.4764,True,,False,0.0248
146,0.5713,True,,False,0.0089
147,0.4979,True,,False,0.0128
148,0.2844,True,,False,0.0376
149,0.5599,True,,False,0.0074
150,0.4066,True,0.0921,True,0.01
151,0.4854,True,,False,0.0312
152,0.3889,True,,False,0.0068
153,0.5731,True,0.1051,True,0.0023
154,0.2528,True,,False,0.0255
155,0.4764,True,0.1168,True,0.0324
156,0.5088,True,0.0568,True,0.0099
157,0.3891,True,,False,0.0069
158,0.7294,True,0.2483,True,0.0142
159,0.4688,True,,False,0.0125
160,0.3277,True,,False,0.0001
161,0.445,False,,False,
162,0.3958,True,,False,0.0167
163,0.5648,True,,False,0.03
164,0.6289,True,0.2252,True,0.088
165,0.4497,True,,False,0.0114
166,0.544,True,,False,0.0254
167,0.5294,True,,False,0.0343
168,0.3927,True,,False,0.0103
169,0.5154,True,0.0664,True,0.0026
170,0.3436,True,,False,0.0131
171,0.3527,True,,False,0.0187
172,0.4896,True,,False,0.0067
173,0.445,False,,False,
174,0.563,True,0.1413,True,0.0188
175,0.635,True,0.1534,True,0.0234
176,0.5445,True,,False,0.017
177,0.526,True,,False,0.0273
178,0.5522,True,,False,0.0214
179,0.6262,True,,False,0.0021
180,0.3937,True,0.1273,True,0.0552
181,0.2088,True,-0.069,True,0.0591
182,0.4492,True,,False,0.0042
183,0.6243,True,,False,0.0143
184,0.5279,True,,False,0.0028
185,0.5056,True,0.1427,True,0.0283
186,0.5283,True,0.082,True,0.0029
187,0.3228,True,0.0665,True,0.0167
188,0.4394,True,,False,0.0074
189,0.5734,True,0.0911,True,0.0024
190,0.532,True,,False,0.015
191,0.6713,True,0.1599,True,0.0013
192,0.4693,True,,False,0.0134
193,0.445,False,,False,
194,0.4788,True,0.1271,True,0.0046
195,0.651,True,0.1144,True,0.0123
196,0.497,True,,False,0.0003
197,0.3353,True,,False,0.0146
198,0.5632,True,,False,0.0336
199,0.3998,True,,False,0.0469
200,0.3848,True,0.0572,True,0.0605
201,0.3553,True,,False,0.0217
202,0.5415,True,0.0894,True,0.024
203,0.5317,True,,False,0.0157
204,0.4883,True,,False,0.0129
205,0.541,True,0.1145,True,0.0128
206,0.26,True,,False,0.0264
207,0.2842,True,0.0535,True,0.0701
208,0.3907,True,,False,0.0348
209,0.711,True,,False,0.0304
210,0.5202,True,0.1173,True,0.0469
211,0.4574,True,0.1126,True,0.0645
212,0.5879,True,,False,0.0224
213,0.481,True,,False,0.0226
214,0.3393,True,,False,0.0864
215,0.4651,True,0.0704,True,0.0185
216,0.5098,True,,False,0.0089
217,0.4896,True,,False,0.003
218,0.5058,True,,False,0.0547
219,0.652,True,,False,0.0148
220,0.5533,True,0.0713,True,0.0301
221,0.5293,True,,False,0.0116
222,0.3895,True,0.0994,True,0.0229
223,0.3363,True,,False,0.0051
224,0.6126,True,,False,0.0128
225,0.5527,True,0.0965,True,0.0141
226,0.4281,True,0.0675,True,0.0089
227,0.5475,True,,False,0.0047
228,0.4173,True,,False,0.0283
229,0.5962,True,0.0973,True,0.0292
230,0.5009,True,,False,0.0225
231,0.6236,True,,False,0.0622
232,0.3455,True,0.0255,True,0.0342
233,0.6948,True,,False,0.0047
234,0.653,True,,False,0.0013
235,0.3967,True,,False,0.0112
236,0.5608,True,,False,0.0028
237,0.3821,True,,False,0.015
238,0.6334,True,0.1857,True,0.0368
239,0.5355,True,0.1876,True,0.0149
240,0.4936,True,,False,0.0229
241,0.3864,True,,False,0.0006
242,0.6405,True,,False,0.0014
243,0.452,True,,False,0.0184
244,0.4333,True,,False,0.017
245,0.4818,True,,False,0.0116
246,0.5839,True,0.1033,True,0.011
247,0.6193,True,0.1178,True,0.0282
248,0.4926,True,,False,0.0824
249,0.5833,True,,False,0.0136
250,0.6333,True,0.1328,True,0.0531
251,0.3389,True,,False,0.0292
252,0.4945,True,0.1299,True,0.0044
253,0.4279,True,,False,0.0263
254,0.4082,True,0.0798,True,0.029
255,0.4806,True,0.1312,True,0.0214
256,0.623,True,,False,0.004
257,0.4944,True,,False,0.0202
258,0.5774,True,,False,0.0064
259,0.6071,True,,False,0.0186
260,0.6391,True,,False,0.0017
261,0.563,True,,False,0.0274
262,0.4793,True,0.0527,True,0.0749
263,0.5174,True,,False,0.0001
264,0.5074,True,0.1656,True,0.0316
265,0.4608,True,,False,0.0146
266,0.5822,True,,False,0.003
267,0.5678,True,,False,0.015
268,0.344,True,,False,0.0034
269,0.7136,True,0.1284,True,0.0176
270,0.5815,True,,False,0.0058
271,0.5379,True,,False,0.0026
272,0.5022,True,,False,0.0217
273,0.4807,True,0.1585,True,0.019
274,0.5258,True,,False,0.0073
275,0.6472,True,,False,0.001
276,0.6192,True,,False,0.0032
277,0.5076,True,,False,0.0124
278,0.3231,True,0.1207,True,0.0988
279,0.5888,True,0.1559,True,0.0227
280,0.3381,True,,False,0.0043
281,0.5187,True,,False,0.0121
282,0.3141,True,,False,0.0653
283,0.4433,True,,False,0.0602
284,0.6742,True,0.1222,True,0.0711
285,0.3549,True,,False,0.047
286,0.5333,True,,False,0.0039
287,0.3998,True,,False,0.033
288,0.6373,True,,False,0.0718
289,0.5206,True,,False,0.0785
290,0.6199,True,,False,0.0145
291,0.4117,True,,False,0.0101
292,0.7062,True,,False,0.0182
293,0.6788,True,0.1705,True,0.0107
294,0.4057,True,,False,0.0198
295,0.2359,True,-0.0557,True,0.0435
296,0.445,False,,False,
297,0.4176,True,,False,0.0205
298,0.5401,True,0.0982,True,0.0074
299,0.3689,True,,False,0.031
300,0.5776,True,0.1258,True,0.0067
301,0.5179,True,,False,0.0029
302,0.4621,True,0.121,True,0.052
303,0.5184,True,0.0858,True,0.002
304,0.4782,True,,False,0.0043
305,0.548,True,,False,0.0162
306,0.3255,True,,False,0.053
307,0.5588,True,,False,0.0023
308,0.445,False,,False,
309,0.4949,True,0.1153,True,0.0156
310,0.546,True,,False,0.0165
311,0.4294,True,,False,0.0029
312,0.5407,True,,False,0.0363
313,0.6019,True,,False,0.0677
314,0.6548,True,,False,0.0085
315,0.5727,True,,False,0.0278
316,0.5204,True,,False,0.0076
317,0.4728,True,,False,0.0031
318,0.3994,True,,False,0.0397
319,0.4079,True,0.0754,True,0.0807
320,0.5961,True,,False,0.0312
321,0.5641,True,,False,0.0657
322,0.4559,True,,False,0.0064
323,0.3717,True,,False,0.0157
324,0.4708,True,,False,0.0431
325,0.5384,True,,False,0.0117
326,0.4889,True,,False,0.0038
327,0.445,False,,False,
328,0.5329,True,,False,0.0334
329,0.5874,True,0.1938,True,0.0019
330,0.7294,True,0.0895,True,0.0215
331,0.4281,True,0.1137,True,0.0465
332,0.4213,True,0.0516,True,0.0089
333,0.4908,True,0.1477,True,0.0302
334,0.3749,True,0.1553,True,0.0265
335,0.6943,True,,False,0.0024
336,0.5018,True,,False,0.0063
337,0.4387,True,,False,0.0302
338,0.5463,True,,False,0.0197
339,0.72,True,,False,0.0008
340,0.5208,True,,False,0.0151
341,0.331,True,0.0944,True,0.0217
342,0.4599,True,,False,0.0013
343,0.445,False,,False,
344,0.445,False,,False,
345,0.4584,True,,False,0.0154
346,0.3555,True,0.0313,True,0.0207
347,0.445,False,,False,
348,0.445,False,,False,
349,0.5659,True,,False,0.0269
350,0.4336,True,0.1939,True,0.0491
351,0.4151,True,0.1161,True,0.0219
352,0.7405,True,0.2128,True,0.0349
353,0.57,True,,False,0.0039
354,0.6567,True,,False,0.0394
355,0.4587,True,,False,0.0334
356,0.445,False,,False,
357,0.6368,True,,False,0.0027
358,0.6047,True,0.1896,True,0.0208
359,0.5488,True,,False,0.0088
360,0.5178,True,0.0799,True,0.0398
361,0.445,False,,False,
362,0.3337,True,0.0876,True,0.0015
363,0.6041,True,,False,0.0509
364,0.5404,True,,False,0.0317
365,0.5879,True,,False,0.0143
366,0.6031,True,,False,0.0035
367,0.4762,True,,False,0.0384
368,0.5919,True,,False,0.0063
369,0.4477,True,,False,0.0443
370,0.4518,True,0.1181,True,0.0104
371,0.4467,True,0.1019,True,0.0275
372,0.427,True,,False,0.0078
373,0.5103,True,0.0703,True,0.0114
374,0.4129,True,,False,0.0151
375,0.285,True,0.062,True,0.0175
376,0.6371,True,,False,0.0076
377,0.5946,True,,False,0.0045
378,0.5129,True,0.1005,True,0.0427
379,0.4427,True,,False,0.0187
380,0.6034,True,0.1612,True,0.0101
381,0.3517,True,,False,0.0197
382,0.5033,True,,False,0.0317
383,0.6492,True,0.1704,True,0.0296
384,0.354,True,,False,0.0017
385,0.5266,True,,False,0.0115
386,0.3864,True,,False,0.0213
387,0.6552,True,,False,0.0058
388,0.5399,True,,False,0.0082
389,0.2901,True,,False,0.0095
390,0.5164,True,,False,0.0063
391,0.3431,True,,False,0.0661
392,0.4609,True,0.1642,True,0.0282
393,0.5808,True,,False,0.0073
394,0.4347,True,,False,0.0015
395,0.576,True,,False,0.0012
396,0.5171,True,,False,0.0328
397,0.4958,True,,False,0.0227
398,0.5297,True,,False,0.0311
399,0.5037,True,,False,0.001
400,0.4734,True,,False,0.0131
401,0.4069,True,,False,0.017
402,0.4265,True,,False,0.0554
403,0.3754,True,,False,0.0089
404,0.5941,True,,False,0.0071
405,0.3751,True,0.0895,True,0.0146
406,0.4681,True,,False,0.0136
407,0.5552,True,,False,0.0158
408,0.5226,True,,False,0.0125
409,0.4898,True,,False,0.0356
410,0.6222,True,0.1555,True,0.0184
411,0.6094,True,0.1506,True,0.0073
412,0.3573,True,,False,0.0053
413,0.5751,True,,False,0.0091
414,0.6156,True,,False,0.0092
415,0.6116,True,,False,0.0014
416,0.5277,True,,False,0.0403
417,0.4928,True,0.078,True,0.024
418,0.5507,True,,False,0.0137
419,0.3571,True,,False,0.0364
420,0.6497,True,0.1306,True,0.0118
421,0.6427,True,,False,0.0013
422,0.4257,True,0.0617,True,0.0085
423,0.451,True,,False,0.0069
424,0.5612,True,,False,0.0353
425,0.5971,True,,False,0.0149
426,0.4111,True,,False,0.0145
427,0.3721,True,,False,0.019
428,0.5145,True,0.1535,True,0.0161
429,0.5854,True,0.117,True,0.0214
430,0.445,False,,False,
431,0.5425,True,0.0743,True,0.0015
432,0.5439,True,,False,0.0247
433,0.4251,True,0.0717,True,0.0103
434,0.3795,True,,False,0.0407
435,0.6293,True,,False,0.0082
436,0.2959,True,,False,0.0151
437,0.7029,True,0.2931,True,0.0159
438,0.4488,True,,False,0.0651
439,0.6701,True,,False,0.0094
440,0.3748,True,,False,0.0215
441,0.4725,True,,False,0.0098
442,0.4577,True,,False,0.0306
443,0.445,False,,False,
444,0.466,True,0.1353,True,0.0455
445,0.445,False,,False,
446,0.4295,True,,False,0.0042
447,0.444,True,0.101,True,0.0246
448,0.4461,True,,False,0.0031
449,0.3332,True,,False,0.0076
450,0.5525,True,0.1213,True,0.0005
451,0.423,True,,False,0.0129
452,0.4771,True,0.1167,True,0.0147
453,0.2502,True,0.0212,True,0.0441
454,0.445,False,,False,
455,0.4351,True,0.094,True,0.0291
456,0.5962,True,,False,0.013
457,0.3942,True,,False,0.0143
458,0.391,True,,False,0.0221
459,0.6189,True,,False,0.0039
460,0.5707,True,0.0938,True,0.042
461,0.4835,True,,False,0.031
462,0.5129,True,,False,0.0182
463,0.5949,True,,False,0.0296
464,0.4959,True,,False,0.0046
465,0.4302,True,0.0972,True,0.0383
466,0.562,True,,False,0.0234
467,0.445,False,,False,
468,0.4159,True,,False,0.0332
469,0.5575,True,,False,0.0338
470,0.5455,True,,False,0.0201
471,0.3965,True,,False,0.0047
472,0.5158,True,,False,0.017
473,0.6005,True,0.1073,True,0.0299
474,0.6094,True,,False,0.0653
475,0.3768,True,,False,0.0215
476,0.3856,True,,False,0.0484
477,0.4911,True,0.0866,True,0.0433
478,0.4196,True,,False,0.014
479,0.4878,True,,False,0.0361
480,0.5162,True,,False,0.024
481,0.5827,True,,False,0.0208
482,0.5283,True,,False,0.032
483,0.4608,True,,False,0.0352
484,0.5644,True,,False,0.0018
485,0.7792,True,,False,0.0554
486,0.445,False,,False,
487,0.445,False,,False,
488,0.445,False,,False,
489,0.445,False,,False,
490,0.445,False,,False,
491,0.445,False,,False,
492,0.445,False,,False,
493,0.445,False,,False,
494,0.445,False,,False,
495,0.445,False,,False,
496,0.445,False,,False,
497,0.445,False,,False,
498,0.445,False,,False,
499,0.445,False,,False,
500,0.445,False,,False,
501,0.445,False,,False,
502,0.445,False,,False,
503,0.445,False,,False,
504,0.445,False,,False,
505,0.445,False,,False,
506,0.445,False,,False,
507,0.445,False,,False,
508,0.445,False,,False,
509,0.445,False,,False,
510,0.445,False,,False,
511,0.445,False,,False,
512,0.445,False,,False,
513,0.445,False,,False,
514,0.3446,True,0.0707,True,0.0171
515,0.5805,True,,False,0.0009
516,0.445,False,,False,
517,0.4991,True,,False,0.0321
518,0.3139,True,,False,0.0252
519,0.5686,True,,False,0.0077
520,0.4252,True,,False,0.0665
521,0.4679,True,,False,0.0338
522,0.6117,True,0.1509,True,0.014
523,0.4228,True,,False,0.0534
524,0.573,True,0.1614,True,0.0154
525,0.4102,True,0.0755,True,0.0078
526,0.4994,True,0.1353,True,0.0183
527,0.5797,True,,False,0.0333
528,0.3276,True,,False,0.0174
529,0.4677,True,,False,0.0123
530,0.5557,True,,False,0.009
531,0.2633,True,0.0293,True,0.0002
532,0.683,True,,False,0.019
533,0.3033,True,,False,0.0203
534,0.4308,True,,False,0.0017
535,0.5815,True,,False,0.0397
536,0.3263,True,,False,0.0029
537,0.395,True,,False,0.0185
538,0.4408,True,0.1572,True,0.0131
539,0.3202,True,,False,0.0008
540,0.5774,True,0.1133,True,0.0044
541,0.5657,True,,False,0.0093
542,0.4429,True,,False,0.0294
543,0.5799,True,0.1221,True,0.052
544,0.508,True,,False,0.0092
545,0.4371,True,,False,0.0143
546,0.4036,True,,False,0.0457
547,0.5751,True,0.1082,True,0.0106
548,0.5269,True,,False,0.0127
549,0.7274,True,0.2225,True,0.0696
550,0.5851,True,,False,0.0332
551,0.5804,True,0.1161,True,0.0088
552,0.6669,True,,False,0.0186
553,0.6526,True,0.212,True,0.0155
554,0.5369,True,0.11,True,0.004
555,0.4267,True,0.1871,True,0.0206
556,0.4143,True,0.0722,True,0.0032
557,0.4318,True,,False,0.0207
558,0.4981,True,,False,0.0041
559,0.6016,True,,False,0.0028
560,0.5584,True,,False,0.031
561,0.677,True,0.1074,True,0.0095
562,0.4464,True,,False,0.0632
563,0.4985,True,,False,0.0441
564,0.3146,True,,False,0.0081
565,0.4524,True,0.1561,True,0.0427
566,0.4965,True,,False,0.0057
567,0.405,True,,False,0.0227
568,0.5526,True,,False,0.0312
569,0.445,False,,False,
570,0.7127,True,,False,0.0266
571,0.445,False,,False,
572,0.3694,True,,False,0.0401
573,0.3992,True,,False,0.033
574,0.3951,True,,False,0.0508
575,0.445,False,,False,
576,0.4499,True,,False,0.0035
577,0.4728,True,,False,0.0168
578,0.3986,True,,False,0.0182
579,0.4719,True,,False,0.0093
580,0.4628,True,,False,0.0005
581,0.3937,True,,False,0.045
582,0.4629,True,0.1347,True,0.0164
583,0.5694,True,,False,0.0018
584,0.445,False,,False,
585,0.415,True,,False,0.0324
586,0.4151,True,,False,0.0024
587,0.4503,True,0.1382,True,0.0329
588,0.4289,True,,False,0.0314
589,0.5176,True,0.0711,True,0.0114
590,0.5531,True,0.0774,True,0.0129
591,0.3723,True,0.0246,True,0.0042
592,0.4606,True,,False,0.0038
593,0.4208,True,,False,0.0136
594,0.4631,True,,False,0.0046
595,0.268,True,,False,0.047
596,0.2896,True,,False,0.0328
597,0.4326,True,0.1647,True,0.0148
598,0.4116,True,,False,0.0823
599,0.3906,True,0.0347,True,0.0522
600,0.5632,True,,False,0.0147
601,0.4485,True,,False,0.0016
602,0.5608,True,,False,0.0177
603,0.6835,True,0.1427,True,0.0083
604,0.3833,True,,False,0.036
605,0.5966,True,0.1699,True,0.0339
606,0.3759,True,0.0892,True,0.0415
607,0.4034,True,0.162,True,0.0317
608,0.5255,True,,False,0.0334
609,0.525,True,,False,0.024
610,0.6211,True,,False,0.0113
611,0.5126,True,,False,0.0177
612,0.5911,True,0.1267,True,0.0008
613,0.5611,True,0.1294,True,0.0199
614,0.2931,True,,False,0.0052
615,0.7928,True,0.1929,True,0.0368
616,0.6325,True,,False,0.0187
617,0.5935,True,,False,0.0066
618,0.4539,True,0.085,True,0.031
619,0.4641,True,,False,0.045
620,0.6016,True,,False,0.0029
621,0.5796,True,,False,0.0212
622,0.4763,True,0.1219,True,0.0136
623,0.3925,True,,False,0.0085
624,0.2952,True,0.0716,True,0.0317
625,0.5472,True,,False,0.0417
626,0.4304,True,0.1293,True,0.0548
627,0.407,True,,False,0.002
628,0.445,False,,False,
629,0.4899,True,0.1312,True,0.0194
630,0.436,True,0.1032,True,0.0049
631,0.5133,True,0.1571,True,0.0059
632,0.4579,True,0.1437,True,0.0075
633,0.4964,True,0.2252,True,0.0054
634,0.4451,True,0.1471,True,0.0189
635,0.445,False,,False,
636,0.543,True,0.1752,True,0.0035
637,0.4385,True,0.0901,True,0.0232
638,0.449,True,0.0474,True,0.0291
639,0.5544,True,,False,0.005
640,0.445,False,,False,
641,0.4261,True,0.1483,True,0.0306
642,0.5995,True,0.3006,True,0.0369
643,0.445,False,,False,
644,0.4925,True,0.1604,True,0.0295
645,0.4379,True,0.0806,True,0.0353
646,0.5305,True,0.21,True,0.0104
647,0.445,False,,False,
648,0.445,False,,False,
649,0.445,False,,False,
650,0.4814,True,0.1819,True,0.0061
651,0.445,False,,False,
652,0.445,False,,False,
653,0.5344,True,0.2003,True,0.0282
654,0.4609,True,0.143,True,0.0008
655,0.5121,True,0.1939,True,0.0031
656,0.5337,True,0.2087,True,0.0385
657,0.5875,True,,False,0.0125
658,0.5061,True,,False,0.0184
659,0.5821,True,,False,0.0083
660,0.4047,True,,False,0.0344
661,0.3337,True,,False,0.0158
662,0.5273,True,,False,0.0029
663,0.3743,True,,False,0.0141
664,0.5645,True,0.1259,True,0.0354
665,0.4238,True,,False,0.0219
666,0.5355,True,0.1305,True,0.0001
667,0.334,True,0.0636,True,0.0171
668,0.4923,True,,False,0.011
669,0.4051,True,,False,0.0129
670,0.445,False,,False,
671,0.4472,True,0.117,True,0.0191
672,0.5387,True,,False,0.007
673,0.6184,True,0.1587,True,0.002
674,0.4435,True,0.1198,True,0.0238
675,0.4828,True,,False,0.0021
676,0.445,False,,False,
677,0.5601,True,,False,0.0075
678,0.5362,True,0.1392,True,0.0241
679,0.3651,True,0.0664,True,0.0201
680,0.4451,True,0.0975,True,0.0035
681,0.3697,True,,False,0.0541
682,0.6139,True,,False,0.0054
683,0.5913,True,,False,0.0245
684,0.4408,True,,False,0.0593
685,0.4675,True,,False,0.0155
686,0.4549,True,,False,0.0721
687,0.445,False,,False,
688,0.5568,True,,False,0.0061
689,0.4345,True,,False,0.015
690,0.5145,True,,False,0.0033
691,0.3992,True,,False,0.0132
692,0.6069,True,,False,0.0245
693,0.587,True,,False,0.0182
694,0.584,True,,False,0.0839
695,0.4697,True,,False,0.0176
696,0.3887,True,,False,0.0264
697,0.5301,True,,False,0.05
698,0.5741,True,,False,0.0016
699,0.5227,True,,False,0.0254
700,0.5,True,,False,0.0363
701,0.3781,True,,False,0.0554
702,0.5098,True,,False,0.0852
703,0.4691,True,,False,0.0122
704,0.5498,True,,False,0.013
705,0.536,True,,False,0.005
706,0.504,True,,False,0.001
707,0.3502,True,,False,0.0084
708,0.6249,True,,False,0.0315
709,0.3774,True,,False,0.0201
710,0.428,True,,False,0.0433
711,0.5126,True,,False,0.0035
712,0.3494,True,0.1232,True,0.037
713,0.445,False,,False,
714,0.3789,True,0.0677,True,0.0012
715,0.4573,True,,False,0.008
716,0.445,False,,False,
717,0.5235,True,,False,0.0122
718,0.4934,True,0.0541,True,0.0157
719,0.445,False,,False,
720,0.4631,True,,False,0.0786
721,0.6587,True,,False,0.0074
722,0.453,True,,False,0.0298
723,0.5099,True,,False,0.0023
724,0.4907,True,,False,0.0939
725,0.6662,True,,False,0.0242
726,0.5923,True,,False,0.012
727,0.6282,True,,False,0.0125
728,0.4584,True,0.1548,True,0.0298
729,0.5752,True,0.1438,True,0.0063
730,0.4919,True,0.1623,True,0.0183
731,0.4803,True,,False,0.0529
732,0.4632,True,,False,0.0476
733,0.7541,True,,False,0.0124
734,0.5255,True,,False,0.0535
735,0.5306,True,0.1588,True,0.0375
736,0.7138,True,0.2256,True,0.0316
737,0.5178,True,,False,0.0356
738,0.445,False,,False,
739,0.3168,True,,False,0.0489
740,0.5101,True,,False,0.0142
741,0.445,False,,False,
742,0.5862,True,0.1449,True,0.0083
743,0.3883,True,,False,0.0385
744,0.4163,True,,False,0.0295
745,0.6498,True,,False,0.0096
746,0.41,True,,False,0.0254
747,0.4378,True,,False,0.0205
748,0.5476,True,,False,0.0203
749,0.5513,True,,False,0.0138
750,0.3996,True,,False,0.0298
751,0.4988,True,,False,0.0154
752,0.5655,True,,False,0.0199
753,0.4308,True,,False,0.0204
754,0.445,False,,False,
755,0.4781,True,,False,0.0066
756,0.601,True,,False,0.042
757,0.4297,True,,False,0.0147
758,0.4548,True,,False,0.0158
759,0.3143,True,,False,0.042
760,0.4098,True,0.1187,True,0.0038
761,0.6009,True,,False,0.0102
762,0.3398,True,,False,0.0932
763,0.5116,True,0.072,True,0.0025
764,0.5275,True,,False,0.0294
765,0.6632,True,,False,0.0031
766,0.4361,True,0.0766,True,0.0008
767,0.5309,True,,False,0.0005
768,0.5247,True,,False,0.0061
769,0.4252,True,,False,0.049
770,0.6105,True,0.1492,True,0.0176
771,0.5448,True,,False,0.0748
772,0.4452,True,,False,0.0715
773,0.445,False,,False,
774,0.57,True,,False,0.0167
775,0.5918,True,,False,0.0057
776,0.6161,True,,False,0.0065
777,0.446,True,,False,0.022
778,0.3524,True,0.1328,True,0.0182
779,0.398,True,0.1445,True,0.0036
780,0.5834,True,0.1253,True,0.0069
781,0.3576,True,0.1283,True,0.035
782,0.5737,True,,False,0.0217
783,0.4898,True,,False,0.0109
784,0.502,True,,False,0.0093
785,0.6597,True,,False,0.0006
786,0.5586,True,,False,0.0493
787,0.5236,True,,False,0.0193
788,0.3353,True,,False,0.0329
789,0.4962,True,,False,0.0444
790,0.2744,True,0.0551,True,0.0518
791,0.6681,True,0.2207,True,0.0424
792,0.4659,True,,False,0.0221
793,0.4236,True,,False,0.0641
794,0.5995,True,,False,0.0388
795,0.5701,True,,False,0.018
796,0.6185,True,0.1002,True,0.0238
797,0.459,True,,False,0.0098
798,0.5229,True,0.0421,True,0.0249
799,0.445,False,,False,
800,0.3467,True,,False,0.0163
801,0.4966,True,,False,0.0413
802,0.5355,True,,False,0.0344
803,0.3921,True,,False,0.0103
804,0.5122,True,,False,0.0333
805,0.412,True,,False,0.0261
806,0.5873,True,,False,0.0183
807,0.6378,True,,False,0.0256
808,0.5583,True,,False,0.0161
809,0.6383,True,,False,0.0256
810,0.6518,True,0.1465,True,0.0264
811,0.6014,True,0.1356,True,0.0461
812,0.5748,True,,False,0.0164
813,0.2183,True,,False,0.0635
814,0.445,False,,False,
815,0.5008,True,,False,0.024
816,0.4854,True,,False,0.0246
817,0.5078,True,,False,0.0134
818,0.5865,True,,False,0.0007
819,0.5042,True,0.1283,True,0.0159
820,0.469,True,0.0915,True,0.0119
821,0.445,False,,False,
822,0.4291,True,0.0931,True,0.0182
823,0.5742,True,,False,0.0199
824,0.6099,True,,False,0.0143
825,0.5116,True,,False,0.0176
826,0.445,False,,False,
827,0.5745,True,,False,0.006
828,0.5203,True,,False,0.0004
829,0.445,False,,False,
830,0.5076,True,,False,0.0031
831,0.5872,True,0.1207,True,0.0035
832,0.4118,True,,False,0.0113
833,0.4173,True,,False,0.0032
834,0.5367,True,,False,0.0359
835,0.4091,True,,False,0.0021
836,0.3376,True,,False,0.031
837,0.2496,True,,False,0.0666
838,0.5193,True,,False,0.0166
839,0.5008,True,,False,0.0265
840,0.3485,True,,False,0.0167
841,0.5414,True,,False,0.0081
842,0.3656,True,,False,0.0036
843,0.445,False,,False,
844,0.5646,True,,False,0.0182
845,0.239,True,0.0392,True,0.0122
846,0.495,True,,False,0.0141
847,0.3175,True,,False,0.0252
848,0.3692,True,,False,0.0598
849,0.3702,True,,False,0.0194
850,0.5468,True,0.0597,True,0.0005
851,0.3777,True,,False,0.0398
852,0.3904,True,,False,0.0288
853,0.445,False,,False,
854,0.4403,True,,False,0.0211
855,0.6019,True,,False,0.0184
856,0.6128,True,,False,0.0025
857,0.3386,True,,False,0.0509
858,0.4595,True,,False,0.0807
859,0.5508,True,,False,0.0362
860,0.6051,True,,False,0.027
861,0.5043,True,,False,0.003
862,0.4598,True,0.1252,True,0.0147
863,0.5177,True,,False,0.043
864,0.6115,True,0.1051,True,0.0008
865,0.4696,True,,False,0.0529
866,0.503,True,,False,0.0001
867,0.4064,True,,False,0.0083
868,0.7972,True,,False,0.0
869,0.3979,True,,False,0.0629
870,0.4986,True,0.1629,True,0.0147
871,0.33,True,0.1082,True,0.0185
872,0.6582,True,,False,0.0151
873,0.526,True,,False,0.0128
874,0.5582,True,,False,0.0778
875,0.5883,True,,False,0.0175
876,0.4922,True,0.1244,True,0.0364
877,0.4288,True,,False,0.0343
878,0.5903,True,,False,0.0374
879,0.4651,True,,False,0.0543
880,0.4802,True,,False,0.0399
881,0.634,True,,False,0.0149
882,0.5683,True,0.1643,True,0.0432
883,0.4925,True,,False,0.0469
884,0.3487,True,0.0674,True,0.0113
885,0.4571,True,,False,0.0094
886,0.503,True,,False,0.0188
887,0.4517,True,0.0793,True,0.0026
888,0.4321,True,,False,0.033
889,0.6444,True,,False,0.0415
890,0.4747,True,0.1006,True,0.0161
891,0.4731,True,,False,0.0056
892,0.5865,True,,False,0.0074
893,0.4144,True,,False,0.0213
894,0.445,False,,False,
895,0.3785,True,,False,0.0562
896,0.463,True,0.0635,True,0.0072
897,0.3879,True,,False,0.0051
898,0.4831,True,,False,0.0393
899,0.3443,True,,False,0.0331
900,0.4605,True,,False,0.0196
901,0.3688,True,,False,0.066
902,0.445,False,,False,
903,0.4808,True,,False,0.0354
904,0.5086,True,,False,0.0062
905,0.6412,True,,False,0.0568
906,0.3259,True,,False,0.0063
907,0.2297,True,-0.0376,True,0.035
908,0.5474,True,,False,0.0229
909,0.5021,True,,False,0.0018
910,0.445,False,,False,
911,0.3755,True,0.0637,True,0.0346
912,0.5978,True,,False,0.0037
913,0.7178,True,0.2,True,0.0029
914,0.4621,True,0.1202,True,0.0131
915,0.5602,True,,False,0.0048
916,0.5389,True,,False,0.0002
917,0.6522,True,,False,0.0206
918,0.5311,True,,False,0.0268
919,0.4952,True,,False,0.0106
920,0.6256,True,0.1037,True,0.0118
921,0.774,True,0.2019,True,0.0014
922,0.445,False,,False,
923,0.5632,True,,False,0.0041
924,0.5449,True,,False,0.058
925,0.6383,True,,False,0.0118
926,0.3093,True,0.1139,True,0.0128
927,0.5683,True,0.1231,True,0.0068
928,0.3618,True,,False,0.0282
929,0.5418,True,,False,0.0053
930,0.4193,True,,False,0.0785
931,0.6204,True,,False,0.0193
932,0.5135,True,,False,0.0517
933,0.5206,True,,False,0.0457
934,0.6705,True,,False,0.0003
935,0.5581,True,,False,0.022
936,0.5979,True,0.1283,True,0.0229
937,0.5464,True,,False,0.0459
938,0.5365,True,,False,0.0091
939,0.4099,True,,False,0.026
940,0.467,True,0.17,True,0.0044
941,0.625,True,,False,0.0284
942,0.4624,True,,False,0.019
943,0.645,True,0.1639,True,0.0037
944,0.4159,True,0.057,True,0.0043
945,0.5551,True,,False,0.0147
946,0.3654,True,0.0767,True,0.0249
947,0.3688,True,0.0838,True,0.0096
948,0.3492,True,,False,0.0377
949,0.445,False,,False,
950,0.6096,True,0.1467,True,0.0361
951,0.5474,True,0.1145,True,0.0095
952,0.4784,True,,False,0.0205
953,0.3285,True,,False,0.0352
954,0.445,False,,False,
955,0.31,True,,False,0.0223
956,0.516,True,,False,0.0024
957,0.3774,True,,False,0.0516
958,0.5269,True,,False,0.0084
959,0.403,True,,False,0.0065
960,0.4813,True,,False,0.0163
961,0.5285,True,,False,0.0008
962,0.3457,True,,False,0.0199
963,0.4453,True,,False,0.0153
964,0.5608,True,,False,0.0178
965,0.3699,True,,False,0.0
966,0.3387,True,,False,0.0186
967,0.4078,True,,False,0.0004
968,0.4459,True,,False,0.0002
969,0.3467,True,,False,0.007
970,0.5972,True,,False,0.0004
971,0.4177,True,0.1251,True,0.0404
972,0.3497,True,,False,0.0071
973,0.6589,True,0.1346,True,0.002
974,0.5377,True,,False,0.0393
975,0.5547,True,,False,0.0175
976,0.5655,True,,False,0.0096
977,0.554,True,0.0978,True,0.0001
978,0.4151,True,0.1381,True,0.0126
979,0.5982,True,,False,0.0122
980,0.591,True,,False,0.0209
981,0.3858,True,,False,0.0292
982,0.6431,True,0.1315,True,0.0881
983,0.5061,True,0.1475,True,0.0335
984,0.4931,True,0.1552,True,0.0006
985,0.5757,True,,False,0.0042
986,0.5606,True,,False,0.0138
987,0.5997,True,,False,0.0682
988,0.6139,True,,False,0.0198
989,0.6628,True,0.1662,True,0.0056
990,0.5824,True,,False,0.0024
991,0.4731,True,0.1116,True,0.0242
992,0.4709,True,0.0558,True,0.0077
993,0.656,True,,False,0.0136
994,0.6666,True,0.142,True,0.0769
995,0.2481,True,-0.0119,True,0.0205
996,0.4904,True,0.1647,True,0.0219
997,0.623,True,,False,0.0837
998,0.5679,True,0.1077,True,0.0173
999,0.4041,True,,False,0.0023
1000,0.5355,True,,False,0.0428
1001,0.4444,True,,False,0.0591
1002,0.417,True,,False,0.0318
1003,0.4672,True,,False,0.0054
1004,0.5682,True,,False,0.026
1005,0.7712,True,,False,0.0245
1006,0.5333,True,0.1066,True,0.0215
1007,0.4601,True,,False,0.0052
1008,0.5514,True,0.1439,True,0.0236
1009,0.4243,True,,False,0.005
1010,0.4434,True,,False,0.0099
1011,0.6202,True,,False,0.0013
1012,0.4123,True,,False,0.0119
1013,0.566,True,,False,0.0042
1014,0.3793,True,,False,0.0438
1015,0.5729,True,,False,0.0087
1016,0.4162,True,,False,0.0041
1017,0.4781,True,,False,0.0098
1018,0.445,False,,False,
1019,0.3823,True,,False,0.0219
1020,0.4554,True,,False,0.0011
1021,0.5771,True,,False,0.0024
1022,0.5308,True,,False,0.0481
1023,0.5882,True,,False,0.005
1024,0.5328,True,,False,0.007
1025,0.4264,True,,False,0.0001
1026,0.4134,True,,False,0.0021
1027,0.5585,True,,False,0.0552
1028,0.5079,True,,False,0.04
1029,0.6028,True,0.1468,True,0.0342
1030,0.3958,True,,False,0.0012
1031,0.4944,True,,False,0.0265
1032,0.445,False,,False,
1033,0.4948,True,,False,0.0755
1034,0.5723,True,,False,0.0096
1035,0.4196,True,,False,0.0202
1036,0.4179,True,,False,0.0289
1037,0.4944,True,,False,0.0629
1038,0.5192,True,,False,0.032
1039,0.4711,True,0.1721,True,0.0461
1040,0.3273,True,,False,0.0151
1041,0.445,False,,False,
1042,0.6151,True,,False,0.0079
1043,0.477,True,,False,0.0559
1044,0.4408,True,,False,0.0443
1045,0.5155,True,,False,0.0161
1046,0.5975,True,,False,0.0193
1047,0.4202,True,,False,0.0394
1048,0.2991,True,0.0132,True,0.0109
1049,0.3417,True,,False,0.0191
1050,0.5954,True,,False,0.0028
1051,0.5922,True,,False,0.0402
1052,0.4235,True,,False,0.0398
1053,0.4875,True,,False,0.0028
1054,0.3876,True,0.0539,True,0.0076
1055,0.5669,True,,False,0.0014
1056,0.4092,True,,False,0.0406
1057,0.4711,True,,False,0.042
1058,0.383,True,,False,0.0539
1059,0.5101,True,,False,0.0
1060,0.3436,True,,False,0.0034
1061,0.5014,True,,False,0.0238
1062,0.445,False,,False,
1063,0.433,True,,False,0.0028
1064,0.7525,True,0.2555,True,0.0767
1065,0.5926,True,,False,0.0545
1066,0.4791,True,,False,0.0327
1067,0.6058,True,,False,0.018
1068,0.4638,True,0.0639,True,0.0118
1069,0.4655,True,,False,0.0531
1070,0.4617,True,,False,0.0291
1071,0.5145,True,,False,0.0099
1072,0.4017,True,,False,0.0064
1073,0.445,False,,False,
1074,0.4832,True,,False,0.0197
1075,0.4771,True,,False,0.01
1076,0.3484,True,,False,0.0471
1077,0.4757,True,,False,0.005
1078,0.445,False,,False,
1079,0.5329,True,,False,0.0295
1080,0.3816,True,,False,0.0338
1081,0.4934,True,,False,0.0287
1082,0.4429,True,,False,0.0072
1083,0.4607,True,,False,0.0064
1084,0.6128,True,,False,0.0301
1085,0.2276,True,0.0245,True,0.0046
1086,0.6183,True,,False,0.0134
1087,0.5886,True,,False,0.0346
1088,0.6866,True,0.1149,True,0.0419
1089,0.5584,True,,False,0.0026
1090,0.4308,True,,False,0.068
1091,0.3801,True,0.0566,True,0.044
1092,0.6794,True,,False,0.0075
1093,0.3552,True,,False,0.0353
1094,0.3399,True,0.1011,True,0.0257
1095,0.3429,True,,False,0.0179
1096,0.5295,True,,False,0.0264
1097,0.4315,True,,False,0.0208
1098,0.4384,True,,False,0.0392
1099,0.3753,True,,False,0.0166
1100,0.6127,True,,False,0.0076
1101,0.3636,True,,False,0.0033
1102,0.4712,True,,False,0.0221
1103,0.5599,True,,False,0.0336
1104,0.497,True,,False,0.0397
1105,0.5167,True,,False,0.0407
1106,0.4482,True,,False,0.0124
1107,0.3283,True,,False,0.0071
1108,0.7664,True,,False,0.0454
1109,0.5651,True,0.1337,True,0.0024
1110,0.5723,True,,False,0.0075
1111,0.4644,True,,False,0.0074
1112,0.4694,True,,False,0.0105
1113,0.445,False,,False,
1114,0.4355,True,,False,0.0117
1115,0.3833,True,,False,0.006
1116,0.5248,True,,False,0.0224
1117,0.6136,True,,False,0.0013
1118,0.4882,True,0.0846,True,0.0218
1119,0.408,True,,False,0.0307
1120,0.4523,True,,False,0.0871
1121,0.408,True,,False,0.0096
1122,0.5418,True,,False,0.0052
1123,0.4652,True,,False,0.005
1124,0.3971,True,,False,0.0327
1125,0.3323,True,,False,0.0467
1126,0.6291,True,,False,0.0177
1127,0.5917,True,,False,0.0118
1128,0.53,True,,False,0.0191
1129,0.4263,True,,False,0.0039
1130,0.441,True,,False,0.0256
1131,0.4171,True,,False,0.0131
1132,0.6336,True,,False,0.0045
1133,0.5069,True,,False,0.0854
1134,0.4246,True,,False,0.0205
1135,0.4195,True,,False,0.0368
1136,0.5302,True,,False,0.02
1137,0.445,False,,False,
1138,0.5085,True,,False,0.0082
1139,0.4892,True,,False,0.0097
1140,0.2862,True,,False,0.0054
1141,0.445,False,,False,
1142,0.5689,True,,False,0.0141
1143,0.5536,True,0.077,True,0.0532
1144,0.5345,True,,False,0.0346
1145,0.5702,True,0.1537,True,0.0143
1146,0.4813,True,,False,0.0167
1147,0.6531,True,,False,0.0232
1148,0.4342,True,,False,0.0028
1149,0.392,True,,False,0.0226
1150,0.445,False,,False,
1151,0.4411,True,,False,0.0509
1152,0.4321,True,,False,0.0088
1153,0.5839,True,,False,0.0127
1154,0.4182,True,,False,0.0436
1155,0.4215,True,,False,0.0265
1156,0.3792,True,,False,0.0029
1157,0.6113,True,,False,0.0297
1158,0.534,True,0.1546,True,0.0622
1159,0.5183,True,,False,0.0027
1160,0.5685,True,0.1352,True,0.05
1161,0.3418,True,,False,0.0239
1162,0.5671,True,,False,0.0105
1163,0.5602,True,,False,0.032
1164,0.445,False,,False,
1165,0.427,True,,False,0.0055
1166,0.5197,True,0.092,True,0.0147
1167,0.4368,True,,False,0.0176
1168,0.4693,True,,False,0.0175
1169,0.5512,True,,False,0.0055
1170,0.5221,True,,False,0.0308
1171,0.5411,True,,False,0.0006
1172,0.3927,True,,False,0.0061
1173,0.445,False,,False,
1174,0.3718,True,,False,0.0214
1175,0.4078,True,,False,0.0165
1176,0.441,True,,False,0.0804
1177,0.4458,True,,False,0.0038
1178,0.5425,True,,False,0.0087
1179,0.4856,True,,False,0.0047
1180,0.3994,True,,False,0.0123
1181,0.5386,True,,False,0.0291
1182,0.3737,True,,False,0.0351
1183,0.5373,True,,False,0.0516
1184,0.4178,True,,False,0.0022
1185,0.5085,True,,False,0.0023
1186,0.5971,True,,False,0.0097
1187,0.5492,True,,False,0.0181
1188,0.4553,True,,False,0.0136
1189,0.431,True,,False,0.0292
1190,0.445,False,,False,
1191,0.4933,True,,False,0.0005
1192,0.3999,True,,False,0.0151
1193,0.418,True,,False,0.0063
1194,0.338,True,0.0014,True,0.0005
1195,0.4742,True,,False,0.01
1196,0.3521,True,,False,0.0139
1197,0.3273,True,0.0724,True,0.0271
1198,0.382,True,,False,0.0383
1199,0.581,True,,False,0.0417
1200,0.445,False,,False,
1201,0.496,True,0.1378,True,0.0058
1202,0.4167,True,,False,0.0139
1203,0.2755,True,,False,0.0154
1204,0.4539,True,,False,0.0978
1205,0.5207,True,0.1124,True,0.0104
1206,0.5611,True,,False,0.0108
1207,0.566,True,0.1531,True,0.0531
1208,0.445,False,,False,
1209,0.6765,True,,False,0.0002
1210,0.445,False,,False,
1211,0.4828,True,0.0674,True,0.084
1212,0.6311,True,0.1635,True,0.0182
1213,0.3868,True,,False,0.0135
1214,0.3674,True,,False,0.0124
1215,0.4632,True,,False,0.0087
1216,0.4927,True,,False,0.0678
1217,0.7914,True,,False,0.0567
1218,0.4948,True,0.0711,True,0.0172
1219,0.6355,True,,False,0.0133
1220,0.671,True,,False,0.0135
1221,0.607,True,0.111,True,0.0233
1222,0.3919,True,,False,0.0034
1223,0.4215,True,,False,0.0213
1224,0.5128,True,,False,0.0181
1225,0.5605,True,0.0774,True,0.0245
1226,0.4177,True,,False,0.0586
1227,0.4877,True,,False,0.0559
1228,0.5133,True,0.1161,True,0.0063
1229,0.3558,True,0.0422,True,0.0027
1230,0.7271,True,,False,0.0613
1231,0.4329,True,,False,0.0186
1232,0.4754,True,,False,0.0153
1233,0.4641,True,,False,0.0302
1234,0.4949,True,,False,0.0153
1235,0.5358,True,0.0939,True,0.0064
1236,0.4498,True,,False,0.0128
1237,0.7281,True,,False,0.0163
1238,0.5586,True,,False,0.0131
1239,0.5443,True,,False,0.0036
1240,0.4644,True,0.0898,True,0.0176
1241,0.5476,True,,False,0.0237
1242,0.5174,True,,False,0.0101
1243,0.3408,True,,False,0.0363
1244,0.5334,True,,False,0.0345
1245,0.3698,True,,False,0.017
1246,0.5049,True,,False,0.0231
1247,0.5308,True,,False,0.0207
1248,0.5707,True,,False,0.0243
1249,0.5968,True,,False,0.0189
1250,0.5513,True,,False,0.0201
1251,0.4747,True,,False,0.0518
1252,0.445,False,,False,
1253,0.6195,True,,False,0.0262
1254,0.445,False,,False,
1255,0.5568,True,,False,0.0078
1256,0.4967,True,,False,0.0267
1257,0.3533,True,,False,0.0263
1258,0.6129,True,,False,0.018
1259,0.445,False,,False,
1260,0.6342,True,,False,0.0251
1261,0.452,True,,False,0.0338
1262,0.3719,True,,False,0.0026
1263,0.5697,True,,False,0.0013
1264,0.5011,True,,False,0.0305
1265,0.4413,True,,False,0.0286
1266,0.2765,True,-0.0293,True,0.0038
1267,0.467,True,0.1072,True,0.0088
1268,0.4785,True,,False,0.0213
1269,0.3511,True,,False,0.0007
1270,0.5227,True,,False,0.0028
1271,0.3728,True,,False,0.0113
1272,0.7677,True,,False,0.0307
1273,0.5487,True,,False,0.0287
1274,0.4348,True,,False,0.0046
1275,0.5135,True,,False,0.0047
1276,0.3531,True,,False,0.0307
1277,0.3869,True,,False,0.0491
1278,0.4367,True,,False,0.035
1279,0.5585,True,,False,0.0159
1280,0.5218,True,,False,0.0138
1281,0.3618,True,,False,0.0137
1282,0.6308,True,,False,0.0189
1283,0.4721,True,,False,0.0068
1284,0.4128,True,,False,0.0257
1285,0.3409,True,,False,0.03
1286,0.5709,True,,False,0.0201
1287,0.5466,True,0.0956,True,0.0034
1288,0.6125,True,,False,0.0061
1289,0.5294,True,,False,0.008
1290,0.3051,True,,False,0.0174
1291,0.5753,True,,False,0.0171
1292,0.493,True,,False,0.0214
1293,0.5607,True,0.0753,True,0.0387
1294,0.2724,True,,False,0.079
1295,0.3562,True,,False,0.0099
1296,0.4655,True,,False,0.0366
1297,0.5961,True,,False,0.0466
1298,0.3115,True,,False,0.0425
1299,0.4819,True,,False,0.0006
1300,0.498,True,,False,0.0266
1301,0.6407,True,,False,0.0222
1302,0.4886,True,,False,0.0243
1303,0.445,False,,False,
1304,0.5706,True,,False,0.0023
1305,0.4398,True,,False,0.0089
1306,0.4014,True,,False,0.0232
1307,0.3309,True,,False,0.0158
1308,0.4462,True,,False,0.0131
1309,0.5171,True,,False,0.0143
1310,0.5346,True,,False,0.0181
1311,0.5353,True,,False,0.0015
1312,0.5258,True,,False,0.0383
1313,0.4229,True,,False,0.0291
1314,0.7071,True,0.129,True,0.036
1315,0.442,True,0.1244,True,0.0254
1316,0.4573,True,,False,0.0039
1317,0.6818,True,0.1087,True,0.0051
1318,0.4261,True,,False,0.0049
1319,0.2121,True,,False,0.0356
1320,0.4586,True,,False,0.0158
1321,0.3437,True,,False,0.0041
1322,0.5189,True,,False,0.024
1323,0.445,False,,False,
1324,0.3102,True,,False,0.0023
1325,0.4068,True,,False,0.0278
1326,0.5872,True,,False,0.0233
1327,0.4738,True,0.161,True,0.0031
1328,0.405,True,,False,0.0063
1329,0.3212,True,,False,0.0088
1330,0.4951,True,,False,0.0155
1331,0.5868,True,,False,0.0108
1332,0.3451,True,,False,0.0114
1333,0.3914,True,,False,0.0066
1334,0.536,True,,False,0.0305
1335,0.3375,True,,False,0.0016
1336,0.5107,True,,False,0.0159
1337,0.4337,True,,False,0.031
1338,0.3245,True,,False,0.0053
1339,0.6148,True,,False,0.0017
1340,0.5556,True,0.0708,True,0.0127
1341,0.5688,True,,False,0.0058
1342,0.3743,True,,False,0.0325
1343,0.6563,True,,False,0.0133
1344,0.3999,True,,False,0.0072
1345,0.4928,True,,False,0.0245
1346,0.4724,True,,False,0.0111
1347,0.3396,True,,False,0.0065
1348,0.2564,True,0.0171,True,0.0277
1349,0.5045,True,,False,0.001
1350,0.5724,True,0.1441,True,0.0393
1351,0.6908,True,,False,0.0285
1352,0.3405,True,,False,0.0346
1353,0.4901,True,,False,0.0074
1354,0.5054,True,,False,0.0241
1355,0.4232,True,,False,0.048
1356,0.5902,True,,False,0.0117
1357,0.3971,True,,False,0.0875
1358,0.4567,True,,False,0.0306
1359,0.4698,True,,False,0.0137
1360,0.3614,True,,False,0.0161
1361,0.3693,True,,False,0.0383
1362,0.4907,True,,False,0.0002
1363,0.3354,True,0.0279,True,0.0642
1364,0.442,True,,False,0.0251
1365,0.5667,True,,False,0.0152
1366,0.5018,True,,False,0.0397
1367,0.5593,True,,False,0.0019
1368,0.5197,True,,False,0.0122
1369,0.4501,True,,False,0.0296
1370,0.7385,True,,False,0.0127
1371,0.4679,True,,False,0.0167
1372,0.4792,True,,False,0.0008
1373,0.5256,True,0.0944,True,0.0049
1374,0.3495,True,,False,0.0319
1375,0.5754,True,,False,0.037
1376,0.4226,True,,False,0.0292
1377,0.4912,True,,False,0.0338
1378,0.3426,True,0.0855,True,0.0192
1379,0.4847,True,,False,0.0274
1380,0.6046,True,,False,0.0144
1381,0.3671,True,,False,0.0157
1382,0.4734,True,,False,0.0596
1383,0.4968,True,,False,0.0024
1384,0.4917,True,,False,0.0145
1385,0.5422,True,,False,0.062
1386,0.5512,True,,False,0.0039
1387,0.619,True,0.114,True,0.019
1388,0.6497,True,,False,0.0234
1389,0.6058,True,0.1007,True,0.0113
1390,0.6202,True,,False,0.0017
1391,0.4722,True,0.1311,True,0.0126
1392,0.5845,True,,False,0.0652
1393,0.4208,True,,False,0.0155
1394,0.4428,True,,False,0.0264
1395,0.4976,True,,False,0.0082
1396,0.519,True,,False,0.0513
1397,0.5723,True,,False,0.0128
1398,0.543,True,,False,0.0238
1399,0.5305,True,,False,0.0197
1400,0.4636,True,,False,0.0434
1401,0.4537,True,,False,0.0764
1402,0.445,False,,False,
1403,0.3981,True,,False,0.0059
1404,0.3173,True,,False,0.0014
1405,0.4922,True,,False,0.0041
1406,0.445,False,,False,
1407,0.5291,True,,False,0.0006
1408,0.5147,True,,False,0.0011
1409,0.4825,True,,False,0.0154
1410,0.489,True,0.0644,True,0.0018
1411,0.363,True,,False,0.0723
1412,0.5328,True,,False,0.0326
1413,0.5223,True,,False,0.0035
1414,0.5875,True,,False,0.0006
1415,0.3869,True,,False,0.0376
1416,0.5935,True,,False,0.0157
1417,0.5235,True,,False,0.0005
1418,0.5239,True,,False,0.0042
1419,0.4097,True,,False,0.0452
1420,0.517,True,,False,0.0347
1421,0.4514,True,,False,0.0091
1422,0.4892,True,,False,0.0141
1423,0.4061,True,,False,0.0238
1424,0.591,True,,False,0.0117
1425,0.5029,True,,False,0.0291
1426,0.3772,True,,False,0.0084
1427,0.5726,True,,False,0.0351
1428,0.3793,True,,False,0.01
1429,0.4938,True,,False,0.0037
1430,0.5334,True,,False,0.0177
1431,0.4105,True,,False,0.016
1432,0.6243,True,,False,0.017
1433,0.5402,True,,False,0.0245
1434,0.3799,True,0.0651,True,0.0048
1435,0.5711,True,,False,0.0788
1436,0.4489,True,,False,0.0269
1437,0.5047,True,,False,0.0139
1438,0.4875,True,,False,0.005
1439,0.5332,True,,False,0.0308
1440,0.4876,True,,False,0.0139
1441,0.4383,True,,False,0.0065
1442,0.4329,True,,False,0.0056
1443,0.5341,True,,False,0.0137
1444,0.4889,True,,False,0.0001
1445,0.5382,True,,False,0.0034
1446,0.5459,True,,False,0.0048
1447,0.5271,True,,False,0.004
1448,0.4744,True,0.1172,True,0.0007
1449,0.5809,True,,False,0.0119
1450,0.4669,True,,False,0.0062
1451,0.34,True,,False,0.0305
1452,0.626,True,,False,0.0177
1453,0.4595,True,,False,0.0078
1454,0.3659,True,,False,0.0104
1455,0.5134,True,,False,0.0472
1456,0.5421,True,,False,0.0225
1457,0.4474,True,,False,0.0144
1458,0.3399,True,,False,0.0087
1459,0.3956,True,,False,0.0407
1460,0.445,False,,False,
1461,0.5198,True,,False,0.0116
1462,0.5065,True,,False,0.0052
1463,0.3362,True,,False,0.016
1464,0.5451,True,,False,0.0462
1465,0.4497,True,,False,0.0099
1466,0.3425,True,,False,0.0153
1467,0.5298,True,,False,0.0435
1468,0.4097,True,,False,0.0213
1469,0.5184,True,,False,0.0374
1470,0.5369,True,,False,0.009
1471,0.3604,True,,False,0.0227
1472,0.5781,True,0.1361,True,0.014
1473,0.5779,True,,False,0.0043
1474,0.3479,True,,False,0.0049
1475,0.4825,True,,False,0.0091
1476,0.6683,True,,False,0.0057
1477,0.4924,True,,False,0.0116
1478,0.3803,True,,False,0.0145
1479,0.3671,True,,False,0.0327
1480,0.5563,True,,False,0.0197
1481,0.646,True,,False,0.0237
1482,0.5125,True,,False,0.0324
1483,0.3886,True,,False,0.0345
1484,0.305,True,,False,0.0013
1485,0.445,False,,False,
1486,0.5412,True,,False,0.0426
1487,0.4444,True,,False,0.0068
1488,0.5163,True,,False,0.0061
1489,0.3855,True,,False,0.0148
1490,0.4855,True,,False,0.0098
1491,0.4584,True,,False,0.0397
1492,0.4904,True,,False,0.0225
1493,0.5901,True,,False,0.0469
1494,0.445,False,,False,
1495,0.5146,True,,False,0.0008
1496,0.445,False,,False,
1497,0.6962,True,,False,0.0326
1498,0.5772,True,,False,0.0299
1499,0.6171,True,,False,0.0058
1500,0.4628,True,,False,0.0226
1501,0.6073,True,0.1181,True,0.023
1502,0.5005,True,,False,0.0006
1503,0.5226,True,,False,0.0541
1504,0.4205,True,,False,0.0773
1505,0.4587,True,,False,0.0019
1506,0.5876,True,,False,0.0322
1507,0.445,False,,False,
1508,0.4655,True,,False,0.0047
1509,0.5226,True,,False,0.0167
1510,0.3833,True,,False,0.0021
1511,0.5921,True,,False,0.0015
1512,0.4888,True,,False,0.0045
1513,0.4927,True,,False,0.0399
1514,0.5405,True,,False,0.0016
1515,0.443,True,,False,0.0462
1516,0.4018,True,,False,0.0239
1517,0.5586,True,,False,0.0228
1518,0.5632,True,0.0816,True,0.0053
1519,0.576,True,0.0831,True,0.0019
1520,0.445,False,,False,
1521,0.4832,True,,False,0.0196
1522,0.3557,True,,False,0.0218
1523,0.299,True,-0.0341,True,0.0408
1524,0.3594,True,,False,0.0284
1525,0.5723,True,,False,0.0176
1526,0.3664,True,,False,0.0186
1527,0.455,True,,False,0.0355
1528,0.4302,True,,False,0.0381
1529,0.2768,True,,False,0.0063
1530,0.445,False,,False,
1531,0.3197,True,-0.0034,True,0.0089
1532,0.429,True,,False,0.0137
1533,0.445,False,,False,
1534,0.3265,True,,False,0.0117
1535,0.4691,True,,False,0.0429
1536,0.5909,True,,False,0.0146
1537,0.5838,True,,False,0.0097
1538,0.4946,True,,False,0.0133
1539,0.445,False,,False,
1540,0.4402,True,,False,0.0081
1541,0.4843,True,,False,0.0263
1542,0.4841,True,,False,0.0066
1543,0.4021,True,,False,0.0111
1544,0.4766,True,,False,0.0253
1545,0.3702,True,,False,0.0226
1546,0.4085,True,,False,0.0135
1547,0.4681,True,,False,0.0377
1548,0.6435,True,,False,0.0036
1549,0.2809,True,,False,0.0022
1550,0.3016,True,,False,0.0524
1551,0.6635,True,,False,0.0035
1552,0.7994,True,0.0919,True,0.0416
1553,0.4159,True,,False,0.0237
1554,0.3307,True,,False,0.0603
1555,0.5243,True,,False,0.0227
1556,0.3285,True,,False,0.0532
1557,0.4343,True,,False,0.0119
1558,0.4426,True,,False,0.0101
1559,0.3622,True,,False,0.0465
1560,0.4284,True,,False,0.0145
1561,0.3519,True,0.0685,True,0.0181
1562,0.3716,True,,False,0.0021
1563,0.5746,True,,False,0.0119
1564,0.4233,True,,False,0.0036
1565,0.4046,True,,False,0.0389
1566,0.514,True,,False,0.0832
1567,0.5136,True,,False,0.0464
1568,0.5072,True,,False,0.0077
1569,0.4719,True,,False,0.0038
1570,0.4494,True,0.0795,True,0.0221
1571,0.4464,True,,False,0.0077
1572,0.3143,True,,False,0.0018
1573,0.5358,True,0.0775,True,0.0191
1574,0.3259,True,0.0409,True,0.0264
1575,0.4599,True,,False,0.0128
1576,0.5839,True,,False,0.0015
1577,0.7072,True,,False,0.0007
1578,0.5104,True,0.05,True,0.0445
1579,0.445,False,,False,
1580,0.445,False,,False,
1581,0.3608,True,0.1026,True,0.0106
1582,0.3926,True,,False,0.0247
1583,0.3335,True,,False,0.0012
1584,0.4296,True,,False,0.0269
1585,0.3072,True,,False,0.0154
1586,0.45,True,,False,0.049
1587,0.5496,True,,False,0.0036
1588,0.4282,True,,False,0.0278
1589,0.484,True,,False,0.002
1590,0.3768,True,,False,0.0084
1591,0.4552,True,,False,0.0599
1592,0.4978,True,,False,0.0146
1593,0.3106,True,,False,0.0259
1594,0.6162,True,,False,0.0224
1595,0.5465,True,,False,0.0097
1596,0.4127,True,,False,0.0228
1597,0.7765,True,0.2207,True,0.0461
1598,0.469,True,,False,0.0131
1599,0.7005,True,,False,0.0135
1600,0.5047,True,,False,0.031
1601,0.3253,True,,False,0.0167
1602,0.4712,True,,False,0.0092
1603,0.445,False,,False,
1604,0.4121,True,,False,0.0119
1605,0.55,True,,False,0.036
1606,0.5104,True,,False,0.0227
1607,0.5174,True,,False,0.0242
1608,0.3859,True,0.0762,True,0.0336
1609,0.4711,True,,False,0.0427
1610,0.4277,True,,False,0.0016
1611,0.5489,True,,False,0.0073
1612,0.5582,True,,False,0.0374
1613,0.5875,True,,False,0.0116
1614,0.382,True,,False,0.0288
1615,0.5003,True,,False,0.0364
1616,0.5036,True,,False,0.0225
1617,0.4925,True,,False,0.0114
1618,0.5796,True,0.1259,True,0.0101
1619,0.5946,True,0.1453,True,0.0019
1620,0.3585,True,,False,0.0233
1621,0.445,False,,False,
1622,0.4177,True,,False,0.0418
1623,0.5642,True,,False,0.0126
1624,0.4888,True,,False,0.0116
1625,0.3839,True,0.0873,True,0.0031
1626,0.4748,True,,False,0.0243
1627,0.6613,True,,False,0.0016
1628,0.445,False,,False,
1629,0.558,True,,False,0.0189
1630,0.3889,True,,False,0.051
1631,0.4827,True,,False,0.0111
1632,0.3826,True,,False,0.0518
1633,0.5522,True,,False,0.012
1634,0.4294,True,,False,0.0152
1635,0.4166,True,0.0673,True,0.0096
1636,0.2324,True,-0.0322,True,0.0107
1637,0.445,False,,False,
1638,0.5553,True,,False,0.0243
1639,0.5747,True,,False,0.0154
1640,0.6318,True,,False,0.0141
1641,0.5257,True,,False,0.0071
1642,0.2963,True,,False,0.0099
1643,0.6855,True,,False,0.0088
1644,0.4583,True,,False,0.0075
1645,0.5992,True,,False,0.0113
1646,0.6211,True,,False,0.016
1647,0.4339,True,,False,0.0962
1648,0.5488,True,,False,0.0008
1649,0.445,False,,False,
1650,0.5636,True,,False,0.0085
1651,0.3494,True,,False,0.0689
1652,0.5231,True,,False,0.006
1653,0.445,False,,False,
1654,0.445,False,,False,
1655,0.4429,True,,False,0.0096
1656,0.6398,True,,False,0.0186
1657,0.6809,True,,False,0.0166
1658,0.4719,True,0.1137,True,0.0548
1659,0.3999,True,,False,0.0224
1660,0.4556,True,0.1152,True,0.0338
1661,0.4899,True,,False,0.0655
1662,0.4661,True,,False,0.0133
1663,0.4439,True,0.1255,True,0.002
1664,0.6511,True,,False,0.065
1665,0.4069,True,,False,0.0
1666,0.5363,True,,False,0.0
1667,0.3212,True,,False,0.0202
1668,0.3747,True,,False,0.0141
1669,0.4562,True,,False,0.0017
1670,0.5248,True,0.1643,True,0.0331
1671,0.4401,True,,False,0.079
1672,0.5343,True,0.1039,True,0.0304
1673,0.6133,True,0.1385,True,0.0382
1674,0.36,True,0.0529,True,0.0085
1675,0.5167,True,,False,0.0292
1676,0.5289,True,,False,0.0234
1677,0.3285,True,,False,0.0056
1678,0.4463,True,,False,0.0017
1679,0.4102,True,0.0763,True,0.0245
1680,0.6791,True,,False,0.0112
1681,0.3542,True,,False,0.0121
1682,0.554,True,,False,0.0004
1683,0.4597,True,,False,0.0189
1684,0.605,True,,False,0.0234
1685,0.499,True,,False,0.0356
1686,0.4308,True,,False,0.0108
1687,0.6385,True,,False,0.0097
1688,0.445,False,,False,
1689,0.5254,True,,False,0.0215
1690,0.5376,True,0.1164,True,0.0074
1691,0.2909,True,,False,0.0207
1692,0.4624,True,,False,0.0159
1693,0.5129,True,,False,0.0222
1694,0.4125,True,,False,0.0148
1695,0.566,True,,False,0.039
1696,0.4955,True,,False,0.0358
1697,0.4775,True,0.1023,True,0.0123
1698,0.3391,True,,False,0.0185
1699,0.5465,True,,False,0.0025
1700,0.445,False,,False,
1701,0.4719,True,,False,0.0157
1702,0.4873,True,,False,0.0052
1703,0.5298,True,,False,0.0036
1704,0.445,False,,False,
1705,0.445,False,,False,
1706,0.3872,True,,False,0.0353
1707,0.4689,True,,False,0.0254
1708,0.5099,True,,False,0.0001
1709,0.4594,True,,False,0.0538
1710,0.3568,True,,False,0.0134
1711,0.4809,True,0.1365,True,0.0024
1712,0.2799,True,,False,0.0516
1713,0.568,True,0.1603,True,0.0078
1714,0.3645,True,,False,0.0156
1715,0.4329,True,,False,0.0048
1716,0.4718,True,,False,0.0265
1717,0.4168,True,,False,0.0232
1718,0.3466,True,,False,0.0054
1719,0.4682,True,,False,0.005
1720,0.3504,True,,False,0.0232
1721,0.4734,True,,False,0.0431
1722,0.5501,True,,False,0.0116
1723,0.5317,True,,False,0.065
1724,0.445,False,,False,
1725,0.494,True,0.0962,True,0.0794
1726,0.445,False,,False,
1727,0.4834,True,,False,0.0185
1728,0.5598,True,,False,0.0346
1729,0.4264,True,,False,0.0359
1730,0.445,False,,False,
1731,0.4416,True,,False,0.0644
1732,0.5887,True,,False,0.0344
1733,0.5804,True,0.1171,True,0.0264
1734,0.5634,True,0.1178,True,0.0044
1735,0.4379,True,0.1161,True,0.0175
1736,0.6595,True,,False,0.0022
1737,0.4849,True,,False,0.0137
1738,0.4923,True,,False,0.0099
1739,0.3203,True,,False,0.0284
1740,0.7064,True,0.1778,True,0.0441
1741,0.6186,True,,False,0.0848
1742,0.6126,True,,False,0.0123
1743,0.4968,True,0.1316,True,0.0183
1744,0.3468,True,0.0474,True,0.0347
1745,0.3104,True,0.1171,True,0.0071
1746,0.5752,True,,False,0.0586
1747,0.5012,True,,False,0.0159
1748,0.5662,True,0.1091,True,0.0493
1749,0.5019,True,,False,0.0159
1750,0.7298,True,,False,0.0061
1751,0.5436,True,0.1066,True,0.0091
1752,0.4928,True,,False,0.0351
1753,0.3028,True,0.1053,True,0.0229
1754,0.5515,True,,False,0.0183
1755,0.5827,True,,False,0.0855
1756,0.6177,True,0.1488,True,0.008
1757,0.6374,True,,False,0.0023
1758,0.6665,True,0.1041,True,0.0356
1759,0.445,False,,False,
1760,0.7239,True,,False,0.0298
1761,0.4279,True,,False,0.053
1762,0.5839,True,,False,0.017
1763,0.7083,True,,False,0.0089
1764,0.5787,True,,False,0.005
1765,0.6529,True,,False,0.0052
1766,0.4302,True,,False,0.0196
1767,0.4485,True,0.0814,True,0.0251
1768,0.445,False,,False,
1769,0.3856,True,,False,0.0035
1770,0.5402,True,,False,0.0083
1771,0.5186,True,,False,0.0678
1772,0.4378,True,0.0583,True,0.0617
1773,0.5631,True,0.1405,True,0.0899
1774,0.571,True,0.1445,True,0.0339
1775,0.4833,True,,False,0.0189
1776,0.4079,True,0.0688,True,0.0391
1777,0.518,True,,False,0.0129
1778,0.4436,True,,False,0.0086
1779,0.6679,True,,False,0.057
1780,0.5033,True,,False,0.0312
1781,0.4628,True,,False,0.0099
1782,0.6533,True,,False,0.0191
1783,0.261,True,0.0645,True,0.0179
1784,0.4288,True,0.0891,True,0.0122
1785,0.4833,True,0.0866,True,0.0221
1786,0.6235,True,0.1138,True,0.0111
1787,0.5412,True,,False,0.0728
1788,0.4167,True,0.0635,True,0.0033
1789,0.428,True,,False,0.0314
1790,0.445,False,,False,
1791,0.445,False,,False,
1792,0.445,False,,False,
1793,0.4636,True,,False,0.0246
1794,0.4591,True,,False,0.0383
1795,0.2786,True,,False,0.0451
1796,0.4212,True,,False,0.0214
1797,0.6556,True,,False,0.0325
1798,0.7632,True,0.2884,True,0.0239
1799,0.5323,True,,False,0.0037
1800,0.5495,True,,False,0.0101
1801,0.2714,True,-0.0396,True,0.0878
1802,0.6219,True,0.1628,True,0.0034
1803,0.4479,True,0.1257,True,0.0057
1804,0.3589,True,,False,0.0034
1805,0.4505,True,,False,0.0321
1806,0.5108,True,,False,0.0082
1807,0.7846,True,0.2636,True,0.0001
1808,0.3484,True,0.0077,True,0.0109
1809,0.4688,True,0.1467,True,0.0356
1810,0.5078,True,,False,0.0377
1811,0.5828,True,,False,0.0086
1812,0.3535,True,,False,0.0013
1813,0.5056,True,,False,0.0009
1814,0.4341,True,0.1097,True,0.0028
1815,0.5328,True,0.1397,True,0.0442
1816,0.5887,True,0.186,True,0.0337
1817,0.53,True,,False,0.0623
1818,0.4486,True,,False,0.0018
1819,0.4695,True,0.1562,True,0.0009
1820,0.5285,True,,False,0.0002
1821,0.6429,True,,False,0.0272
1822,0.445,False,,False,
1823,0.6197,True,,False,0.0048
1824,0.5622,True,,False,0.0203
1825,0.445,False,,False,
1826,0.5789,True,0.126,True,0.008
1827,0.4816,True,,False,0.0133
1828,0.7025,True,0.1949,True,0.0138
1829,0.2925,True,,False,0.0029
1830,0.3184,True,,False,0.0511
1831,0.5593,True,,False,0.0146
1832,0.3513,True,,False,0.0456
1833,0.5567,True,0.1078,True,0.0217
1834,0.4815,True,,False,0.0248
1835,0.6554,True,,False,0.0141
1836,0.445,False,,False,
1837,0.5141,True,0.1656,True,0.0471
1838,0.4974,True,,False,0.0242
1839,0.5229,True,0.1422,True,0.0189
1840,0.445,False,,False,
1841,0.3581,True,,False,0.0162
1842,0.5277,True,,False,0.0022
1843,0.445,False,,False,
1844,0.4635,True,,False,0.041
1845,0.445,False,,False,
1846,0.5931,True,,False,0.0303
1847,0.3784,True,,False,0.0034
1848,0.2805,True,0.0093,True,0.0093
1849,0.3749,True,,False,0.0318
1850,0.275,True,,False,0.0242
1851,0.6213,True,,False,0.0195
1852,0.5082,True,,False,0.0243
1853,0.3927,True,,False,0.0391
1854,0.6105,True,0.1332,True,0.015
1855,0.3082,True,0.0358,True,0.0145
1856,0.4617,True,,False,0.0073
1857,0.5228,True,,False,0.0032
1858,0.5814,True,0.0614,True,0.0008
1859,0.5793,True,,False,0.0079
1860,0.461,True,,False,0.0019
1861,0.3769,True,,False,0.002
1862,0.4708,True,,False,0.0013
1863,0.3403,True,0.0647,True,0.0139
1864,0.3482,True,,False,0.0036
1865,0.5709,True,,False,0.0345
1866,0.717,True,,False,0.0034
1867,0.3958,True,,False,0.0551
1868,0.4939,True,,False,0.0483
1869,0.4407,True,,False,0.0075
1870,0.595,True,,False,0.0641
1871,0.5742,True,,False,0.0041
1872,0.4879,True,0.1312,True,0.022
1873,0.5456,True,,False,0.0416
1874,0.57,True,,False,0.0104
1875,0.3744,True,,False,0.0004
1876,0.533,True,,False,0.0008
1877,0.4813,True,0.1139,True,0.0134
1878,0.5083,True,,False,0.0009
1879,0.568,True,,False,0.0001
1880,0.5514,True,,False,0.0214
1881,0.5089,True,0.0635,True,0.04
1882,0.445,False,,False,
1883,0.4707,True,,False,0.0041
1884,0.6326,True,,False,0.02
1885,0.7711,True,0.1925,True,0.0031
1886,0.5223,True,,False,0.0295
1887,0.5948,True,,False,0.0167
1888,0.3553,True,,False,0.04
1889,0.5672,True,,False,0.0005
1890,0.3574,True,,False,0.0394
1891,0.624,True,,False,0.0059
1892,0.6249,True,0.0845,True,0.0448
1893,0.5444,True,0.1039,True,0.0077
1894,0.4941,True,,False,0.0122
1895,0.4449,True,,False,0.0093
1896,0.5863,True,,False,0.0388
1897,0.5601,True,,False,0.034
1898,0.4289,True,,False,0.029
1899,0.4684,True,,False,0.0108
1900,0.5608,True,,False,0.0063
1901,0.4853,True,,False,0.0026
1902,0.4556,True,,False,0.0401
1903,0.445,False,,False,
1904,0.3245,True,0.0151,True,0.0356
1905,0.5723,True,,False,0.0107
1906,0.4266,True,0.1322,True,0.0283
1907,0.6084,True,0.11,True,0.0047
1908,0.4125,True,0.116,True,0.0162
1909,0.619,True,,False,0.0139
1910,0.5034,True,,False,0.0205
1911,0.5497,True,,False,0.0327
1912,0.4757,True,,False,0.0028
1913,0.5966,True,0.0966,True,0.0185
1914,0.5863,True,0.1743,True,0.066
1915,0.5209,True,,False,0.0
1916,0.5786,True,0.0901,True,0.0061
1917,0.4373,True,,False,0.0046
1918,0.5103,True,,False,0.009
1919,0.5855,True,,False,0.0039
1920,0.5376,True,,False,0.0075
1921,0.4949,True,,False,0.0042
1922,0.5667,True,0.1203,True,0.0339
1923,0.4936,True,,False,0.0188
1924,0.4168,True,,False,0.0076
1925,0.5258,True,0.0712,True,0.0035
1926,0.6428,True,0.1398,True,0.0213
1927,0.4444,True,,False,0.007
1928,0.4562,True,,False,0.0277
1929,0.5329,True,,False,0.0085
1930,0.4183,True,,False,0.0101
1931,0.5005,True,,False,0.0051
1932,0.6678,True,,False,0.0149
1933,0.3902,True,0.1077,True,0.0026
1934,0.5631,True,0.1011,True,0.0253
1935,0.4736,True,,False,0.021
1936,0.4776,True,,False,0.0109
1937,0.5024,True,,False,0.0167
1938,0.5724,True,,False,0.0178
1939,0.4749,True,0.1067,True,0.0
1940,0.3417,True,,False,0.0073
1941,0.3513,True,,False,0.0094
1942,0.4413,True,,False,0.0114
1943,0.5122,True,,False,0.016
1944,0.3073,True,,False,0.0275
1945,0.4364,True,0.1745,True,0.0171
1946,0.5485,True,,False,0.0228
1947,0.3679,True,,False,0.0171
1948,0.5793,True,0.1172,True,0.0601
1949,0.502,True,,False,0.0106
1950,0.4815,True,,False,0.0192
1951,0.5228,True,,False,0.0027
1952,0.3921,True,,False,0.006
1953,0.47,True,,False,0.0009
1954,0.5908,True,,False,0.0022
1955,0.5416,True,,False,0.0274
1956,0.5346,True,,False,0.0057
1957,0.4963,True,,False,0.011
1958,0.6028,True,0.1256,True,0.0128
1959,0.4425,True,0.0641,True,0.0333
1960,0.6489,True,,False,0.0088
1961,0.4255,True,0.1131,True,0.0291
1962,0.6215,True,,False,0.0323
1963,0.445,False,,False,
1964,0.5474,True,,False,0.0296
1965,0.585,True,,False,0.0106
1966,0.5982,True,,False,0.0076
1967,0.7954,True,0.248,True,0.0082
1968,0.5109,True,,False,0.0438
1969,0.5662,True,,False,0.0025
1970,0.5317,True,,False,0.014
1971,0.445,False,,False,
1972,0.4797,True,,False,0.0228
1973,0.5514,True,,False,0.0844
1974,0.6124,True,,False,0.0252
1975,0.4042,True,,False,0.0088
1976,0.3658,True,,False,0.0094
1977,0.6896,True,0.128,True,0.0031
1978,0.5776,True,0.1042,True,0.0179
1979,0.4112,True,,False,0.0035
1980,0.7273,True,,False,0.0049
1981,0.5478,True,,False,0.027
1982,0.4002,True,,False,0.0113
1983,0.5975,True,,False,0.0079
1984,0.5278,True,,False,0.0005
1985,0.4485,True,,False,0.0383
1986,0.5981,True,,False,0.0146
1987,0.445,False,,False,
1988,0.3989,True,0.0764,True,0.0387
1989,0.6521,True,,False,0.0192
1990,0.5458,True,,False,0.0427
1991,0.5427,True,,False,0.0566
1992,0.648,True,,False,0.0241
1993,0.5761,True,,False,0.0019
1994,0.5628,True,,False,0.0015
1995,0.586,True,,False,0.0096
1996,0.445,True,,False,0.0107
1997,0.445,False,,False,
1998,0.6707,True,0.2477,True,0.0476
1999,0.5189,True,,False,0.0049
2000,0.4857,True,0.1179,True,0.0575
2001,0.5003,True,,False,0.0138
2002,0.3335,True,,False,0.0013
2003,0.668,True,,False,0.0231
2004,0.4956,True,0.1182,True,0.0232
2005,0.4563,True,,False,0.0067
2006,0.5137,True,,False,0.0192
2007,0.5643,True,0.1459,True,0.0045
2008,0.3043,True,0.1128,True,0.0554
2009,0.513,True,0.0417,True,0.0502
2010,0.4906,True,,False,0.0083
2011,0.4456,True,,False,0.0181
2012,0.6196,True,,False,0.0174
2013,0.5954,True,0.117,True,0.0049
2014,0.3566,True,,False,0.0092
2015,0.492,True,0.0362,True,0.0285
2016,0.5452,True,,False,0.0061
2017,0.4565,True,,False,0.0024
2018,0.5335,True,0.1262,True,0.0245
2019,0.5505,True,,False,0.0108
2020,0.5242,True,,False,0.0491
2021,0.5548,True,,False,0.0408
2022,0.3887,True,0.0768,True,0.0182
2023,0.4535,True,,False,0.0261
2024,0.4879,True,0.09,True,0.0588
2025,0.6886,True,,False,0.0166
2026,0.5037,True,,False,0.0242
2027,0.5064,True,0.1606,True,0.035
2028,0.5185,True,,False,0.0043
2029,0.5424,True,,False,0.0107
2030,0.5131,True,,False,0.0079
2031,0.7306,True,0.14,True,0.0418
2032,0.7098,True,0.1659,True,0.0044
2033,0.5232,True,0.0944,True,0.0176
2034,0.6159,True,,False,0.0033
2035,0.4523,True,,False,0.0455
2036,0.5725,True,,False,0.0096
2037,0.5594,True,,False,0.0147
2038,0.6687,True,0.1608,True,0.0008
2039,0.5039,True,0.1111,True,0.0013
2040,0.5143,True,,False,0.0105
2041,0.5073,True,,False,0.0091
2042,0.4834,True,,False,0.0077
2043,0.4737,True,,False,0.0144
2044,0.5567,True,,False,0.0083
2045,0.5751,True,,False,0.0213
2046,0.6451,True,,False,0.0156
2047,0.5121,True,,False,0.0037
2048,0.7017,True,0.1624,True,0.0221
2049,0.7361,True,,False,0.0056
2050,0.4774,True,,False,0.0318
2051,0.4584,True,0.1305,True,0.0236
2052,0.51,True,,False,0.018
2053,0.445,False,,False,
2054,0.4141,True,,False,0.0086
2055,0.4752,True,,False,0.0248
2056,0.5943,True,,False,0.0207
2057,0.5369,True,,False,0.0029
2058,0.5468,True,,False,0.015
2059,0.5629,True,,False,0.0146
2060,0.533,True,0.1807,True,0.0006
2061,0.5727,True,0.1474,True,0.0204
2062,0.5598,True,,False,0.0041
2063,0.4574,True,,False,0.0053
2064,0.6099,True,,False,0.0229
2065,0.5775,True,,False,0.0007
2066,0.5279,True,,False,0.0202
2067,0.5526,True,,False,0.0343
2068,0.44,True,,False,0.0033
2069,0.5442,True,,False,0.0269
2070,0.6097,True,0.1469,True,0.0082
2071,0.525,True,,False,0.0149
2072,0.3977,True,0.0947,True,0.006
2073,0.445,False,,False,
2074,0.445,False,,False,
2075,0.6293,True,,False,0.0123
2076,0.385,True,,False,0.0137
2077,0.4264,True,,False,0.0162
2078,0.5508,True,,False,0.0052
2079,0.445,False,,False,
2080,0.3113,True,0.0856,True,0.0021
2081,0.5417,True,,False,0.0113
2082,0.6835,True,,False,0.0044
2083,0.5572,True,,False,0.0002
2084,0.5941,True,,False,0.0095
2085,0.5614,True,,False,0.0361
2086,0.6421,True,,False,0.023
2087,0.5047,True,,False,0.0504
2088,0.5764,True,,False,0.034
2089,0.4915,True,0.1702,True,0.0174
2090,0.6182,True,,False,0.0085
2091,0.584,True,,False,0.0051
2092,0.7365,True,,False,0.0597
2093,0.5749,True,,False,0.0366
2094,0.5987,True,,False,0.0338
2095,0.6558,True,,False,0.0197
2096,0.694,True,0.1379,True,0.0083
2097,0.6818,True,0.137,True,0.021
2098,0.7021,True,0.1578,True,0.0104
2099,0.445,False,,False,
2100,0.5381,True,,False,0.0259
2101,0.3354,True,,False,0.018
2102,0.5699,True,,False,0.0297
2103,0.7076,True,0.1511,True,0.0369
2104,0.5334,True,0.1108,True,0.0165
2105,0.5043,True,,False,0.0005
2106,0.4952,True,,False,0.0153
2107,0.2838,True,,False,0.0114
2108,0.6193,True,,False,0.0079
2109,0.29,True,,False,0.0171
2110,0.5224,True,0.1119,True,0.0175
2111,0.5116,True,,False,0.0225
2112,0.4207,True,0.0929,True,0.0309
2113,0.6475,True,,False,0.0307
2114,0.5733,True,,False,0.0013
2115,0.3564,True,0.0918,True,0.003
2116,0.3468,True,,False,0.0571
2117,0.6566,True,0.159,True,0.0138
2118,0.6983,True,0.2018,True,0.0185
2119,0.6921,True,0.1641,True,0.0026
2120,0.4442,True,,False,0.0037
2121,0.492,True,,False,0.0004
2122,0.5219,True,,False,0.0173
2123,0.3998,True,0.1217,True,0.0292
2124,0.4626,True,,False,0.0357
2125,0.6112,True,,False,0.0062
2126,0.3461,True,0.0665,True,0.0066
2127,0.5612,True,,False,0.0334
2128,0.5215,True,,False,0.0054
2129,0.5322,True,,False,0.0044
2130,0.4081,True,,False,0.0122
2131,0.4712,True,,False,0.0001
2132,0.5748,True,,False,0.0136
2133,0.4765,True,0.1545,True,0.0205
2134,0.5654,True,0.1185,True,0.0058
2135,0.3405,True,,False,0.0018
2136,0.3461,True,,False,0.0116
2137,0.5271,True,0.1217,True,0.0644
2138,0.63,True,,False,0.0311
2139,0.5613,True,,False,0.0187
2140,0.5271,True,,False,0.0002
2141,0.586,True,,False,0.0071
2142,0.6195,True,0.1225,True,0.024
2143,0.6025,True,,False,0.0469
2144,0.5678,True,0.1301,True,0.0052
2145,0.4642,True,,False,0.0281
2146,0.4645,True,,False,0.0007
2147,0.4491,True,,False,0.0513
2148,0.5544,True,,False,0.0218
2149,0.4761,True,,False,0.0302
2150,0.5902,True,,False,0.005
2151,0.445,False,,False,
2152,0.5972,True,,False,0.0268
2153,0.2083,True,,False,0.0237
2154,0.6139,True,0.1427,True,0.0296
2155,0.4994,True,,False,0.016
2156,0.5929,True,,False,0.0017
2157,0.5151,True,,False,0.0091
2158,0.4519,True,,False,0.0247
2159,0.6283,True,0.1264,True,0.0074
2160,0.445,False,,False,
2161,0.5154,True,,False,0.034
2162,0.3744,True,0.1194,True,0.0143
2163,0.6168,True,,False,0.0093
2164,0.5715,True,0.1169,True,0.0269
2165,0.6508,True,,False,0.0392
2166,0.6327,True,,False,0.0074
2167,0.5275,True,,False,0.0016
2168,0.4456,True,,False,0.0073
2169,0.3928,True,0.1056,True,0.054
2170,0.532,True,,False,0.0032
2171,0.577,True,0.1015,True,0.0039
2172,0.4977,True,0.1773,True,0.0387
2173,0.4198,True,,False,0.0035
2174,0.6294,True,,False,0.0076
2175,0.5659,True,,False,0.0083
2176,0.6904,True,,False,0.0094
2177,0.6279,True,,False,0.0819
2178,0.6294,True,0.1394,True,0.0021
2179,0.7329,True,,False,0.0207
2180,0.6482,True,,False,0.0272
2181,0.6054,True,0.2243,True,0.0682
2182,0.445,False,,False,
2183,0.613,True,,False,0.0065
2184,0.6099,True,0.1319,True,0.0285
2185,0.6157,True,0.1375,True,0.005
2186,0.445,False,,False,
2187,0.6134,True,0.213,True,0.0085
2188,0.6291,True,,False,0.008
2189,0.6016,True,0.1353,True,0.0217
2190,0.6586,True,0.1445,True,0.0122
2191,0.5013,True,0.1276,True,0.0132
2192,0.533,True,,False,0.0323
2193,0.5668,True,0.102,True,0.0172
2194,0.4936,True,,False,0.002
2195,0.5694,True,,False,0.0221
2196,0.4222,True,,False,0.0384
2197,0.5892,True,,False,0.0338
2198,0.621,True,0.1271,True,0.029
2199,0.6533,True,,False,0.0025
2200,0.4735,True,,False,0.0282
2201,0.4401,True,0.1328,True,0.0115
2202,0.4098,True,,False,0.0313
2203,0.5139,True,0.206,True,0.0253
2204,0.4589,True,,False,0.0254
2205,0.5958,True,,False,0.0418
2206,0.571,True,,False,0.0189
2207,0.6593,True,,False,0.0001
2208,0.4636,True,,False,0.0353
2209,0.5697,True,,False,0.0062
2210,0.7289,True,,False,0.0009
2211,0.6876,True,,False,0.0113
2212,0.5166,True,0.098,True,0.0489
2213,0.5082,True,,False,0.0005
2214,0.686,True,,False,0.0182
2215,0.615,True,,False,0.0172
2216,0.6297,True,,False,0.0341
2217,0.6254,True,,False,0.0093
2218,0.5826,True,,False,0.0036
2219,0.3626,True,,False,0.0212
2220,0.445,False,,False,
2221,0.5502,True,,False,0.0185
2222,0.4794,True,,False,0.0049
2223,0.5657,True,,False,0.0306
2224,0.5461,True,0.1378,True,0.0111
2225,0.4367,True,,False,0.0344
2226,0.5025,True,0.1441,True,0.0027
2227,0.5098,True,,False,0.006
2228,0.7796,True,0.1559,True,0.0141
2229,0.5547,True,0.1035,True,0.0099
2230,0.5417,True,,False,0.0218
2231,0.4676,True,,False,0.0474
2232,0.6409,True,,False,0.0001
2233,0.6697,True,0.1529,True,0.005
2234,0.5592,True,,False,0.0141
2235,0.4325,True,,False,0.0023
2236,0.4383,True,0.1292,True,0.0434
2237,0.4415,True,,False,0.0161
2238,0.6212,True,0.1508,True,0.0055
2239,0.5409,True,,False,0.0295
2240,0.4782,True,0.156,True,0.0088
2241,0.3746,True,0.0607,True,0.0108
2242,0.6468,True,,False,0.0356
2243,0.6104,True,,False,0.0337
2244,0.4366,True,,False,0.0333
2245,0.4401,True,,False,0.0373
2246,0.4485,True,0.0933,True,0.0191
2247,0.4993,True,0.1748,True,0.032
2248,0.4454,True,0.1062,True,0.0575
2249,0.3566,True,0.0668,True,0.0111
2250,0.445,False,,False,
2251,0.3842,True,0.1811,True,0.0134
2252,0.6369,True,,False,0.0092
2253,0.2467,True,,False,0.0128
2254,0.3232,True,,False,0.0216
2255,0.5893,True,0.2387,True,0.0045
2256,0.6071,True,,False,0.0013
2257,0.5601,True,,False,0.0107
2258,0.5209,True,,False,0.0061
2259,0.5129,True,,False,0.0119
2260,0.6137,True,0.1953,True,0.0022
2261,0.3349,True,0.0949,True,0.0178
2262,0.4136,True,,False,0.0874
2263,0.5491,True,,False,0.0162
2264,0.6448,True,,False,0.011
2265,0.4569,True,,False,0.0397
2266,0.5149,True,,False,0.01
2267,0.4574,True,,False,0.0084
2268,0.6113,True,0.1345,True,0.0178
2269,0.445,False,,False,
2270,0.6067,True,,False,0.0368
2271,0.5559,True,0.1269,True,0.0068
2272,0.5345,True,,False,0.0189
2273,0.616,True,0.2034,True,0.0856
2274,0.4604,True,0.1323,True,0.0179
2275,0.5487,True,0.1352,True,0.0575
2276,0.3892,True,0.1105,True,0.0185
2277,0.5551,True,,False,0.0169
2278,0.4243,True,,False,0.0217
2279,0.3591,True,,False,0.0255
2280,0.4586,True,0.1157,True,0.025
2281,0.622,True,,False,0.015
2282,0.3755,True,,False,0.0269
2283,0.4724,True,,False,0.0206
2284,0.5105,True,,False,0.005
2285,0.4873,True,0.0859,True,0.0009
2286,0.3832,True,,False,0.0635
2287,0.4417,True,0.1053,True,0.0368
2288,0.4262,True,,False,0.0145
2289,0.6953,True,0.1925,True,0.0445
2290,0.445,False,,False,
2291,0.5432,True,,False,0.0155
2292,0.4348,True,,False,0.0226
2293,0.5283,True,,False,0.0104
2294,0.355,True,,False,0.0515
2295,0.3103,True,,False,0.0049
2296,0.5186,True,,False,0.0194
2297,0.5392,True,,False,0.013
2298,0.3371,True,,False,0.0219
2299,0.6153,True,0.1519,True,0.0352
2300,0.5992,True,,False,0.0115
2301,0.5247,True,,False,0.025
2302,0.4454,True,,False,0.0278
2303,0.7479,True,,False,0.0538
2304,0.445,False,,False,
2305,0.569,True,0.1028,True,0.0085
2306,0.5238,True,,False,0.0073
2307,0.5222,True,0.0927,True,0.0045
2308,0.3977,True,0.1586,True,0.0004
2309,0.5925,True,0.1309,True,0.023
2310,0.4129,True,,False,0.0103
2311,0.4823,True,,False,0.024
2312,0.4919,True,,False,0.0683
2313,0.6307,True,,False,0.0028
2314,0.5475,True,,False,0.0431
2315,0.6183,True,0.1556,True,0.0073
2316,0.4554,True,,False,0.0173
2317,0.5206,True,,False,0.0036
2318,0.3257,True,,False,0.0001
2319,0.4632,True,0.1392,True,0.0274
2320,0.4887,True,,False,0.0112
2321,0.5396,True,,False,0.0018
2322,0.5663,True,,False,0.0086
2323,0.3613,True,,False,0.0313
2324,0.457,True,,False,0.0092
2325,0.6207,True,,False,0.0057
2326,0.4579,True,,False,0.0046
2327,0.5557,True,,False,0.0269
2328,0.4184,True,,False,0.0578
2329,0.5993,True,,False,0.0105
2330,0.39,True,,False,0.0231
2331,0.5732,True,,False,0.0027
2332,0.5064,True,,False,0.0497
2333,0.2978,True,,False,0.0107
2334,0.5717,True,,False,0.0015
2335,0.7007,True,,False,0.028
2336,0.6238,True,,False,0.0071
2337,0.4097,True,,False,0.011
2338,0.4928,True,,False,0.0074
2339,0.4917,True,,False,0.0522
2340,0.5092,True,,False,0.0077
2341,0.3225,True,,False,0.0473
2342,0.4929,True,,False,0.0451
2343,0.48,True,,False,0.0634
2344,0.5496,True,,False,0.0261
2345,0.4714,True,,False,0.0089
2346,0.6401,True,,False,0.0072
2347,0.445,False,,False,
2348,0.5598,True,,False,0.0309
2349,0.624,True,,False,0.0101
2350,0.2097,True,,False,0.026
2351,0.3976,True,,False,0.0418
2352,0.445,False,,False,
2353,0.372,True,,False,0.0003
2354,0.445,False,,False,
2355,0.3375,True,,False,0.0167
2356,0.6248,True,0.1935,True,0.0114
2357,0.4309,True,,False,0.0162
2358,0.6472,True,,False,0.0123
2359,0.4165,True,,False,0.034
2360,0.5438,True,,False,0.0481
2361,0.4476,True,,False,0.0385
2362,0.4698,True,,False,0.0145
2363,0.4843,True,,False,0.0148
2364,0.4194,True,,False,0.0007
2365,0.3637,True,,False,0.0437
2366,0.3429,True,,False,0.0357
2367,0.5483,True,,False,0.0012
2368,0.5614,True,,False,0.0135
2369,0.3323,True,,False,0.0073
2370,0.5517,True,,False,0.0005
2371,0.4308,True,,False,0.0244
2372,0.4663,True,,False,0.0301
2373,0.4944,True,,False,0.0058
2374,0.5489,True,,False,0.0214
2375,0.4886,True,,False,0.0196
2376,0.5837,True,,False,0.0171
2377,0.2976,True,,False,0.0322
2378,0.4751,True,,False,0.0021
2379,0.3955,True,,False,0.0403
2380,0.445,False,,False,
2381,0.54,True,,False,0.0084
2382,0.4449,True,,False,0.0161
2383,0.4715,True,,False,0.0072
2384,0.4528,True,,False,0.0026
2385,0.3974,True,,False,0.0154
2386,0.4905,True,0.0884,True,0.0074
2387,0.4832,True,,False,0.0097
2388,0.4677,True,,False,0.0219
2389,0.5014,True,,False,0.0099
2390,0.693,True,,False,0.0445
2391,0.5533,True,,False,0.0364
2392,0.4938,True,,False,0.0069
2393,0.3279,True,0.0425,True,0.0216
2394,0.4639,True,,False,0.0359
